pathname,class_id,start,end
00009_00.wav,2,4.81175,5.86571875
00004_00.wav,4,9.239875,10.19884375
00053_00.wav,2,15.688,16.68196875
00017_00.wav,4,21.6440625,22.57403125
00001_00.wav,4,27.309125,28.40909375
00011_00.wav,2,32.3641875,33.11715625
00077_00.wav,3,37.3824375,37.700375
00102_00.wav,3,42.5366875,42.96365625
00050_00.wav,2,47.20175,48.59571875
00031_00.wav,2,52.97896875,53.6329375
00040_00.wav,4,59.0776875,59.79265625
00005_00.wav,2,65.24334375,66.0233125
00057_00.wav,2,70.917625,71.97959375
00109_00.wav,3,77.342,77.81496875
00114_00.wav,3,81.38528125,81.69925
00044_00.wav,4,87.27021875,88.9901875
00098_00.wav,3,93.36546875,93.7954375
00034_00.wav,2,98.436625,100.35659375
00030_00.wav,4,104.5605,106.51046875
00032_00.wav,2,110.38909375,111.3260625
00091_00.wav,3,115.09034375,115.4733125
00009_00.wav,2,119.6263125,120.68028125
00076_00.wav,3,125.3554375,125.62940625
00008_00.wav,4,130.7335,131.55746875
00055_00.wav,2,135.354375,136.17334375
00053_00.wav,2,139.79853125,140.7925
00063_00.wav,2,145.11921875,146.7911875
00046_00.wav,4,150.77184375,152.7318125
00041_00.wav,2,157.3386875,159.74865625
00025_00.wav,4,164.083625,165.05359375
00013_00.wav,2,169.5581875,170.51815625
00039_00.wav,3,174.36890625,174.700875
00046_00.wav,4,179.63103125,181.591
00013_00.wav,2,3.969125,4.92909375
00043_00.wav,4,8.96828125,10.29825
00004_00.wav,4,13.7668125,14.72578125
00018_00.wav,2,18.431875,19.42184375
00116_00.wav,3,24.36753125,24.7275
00121_00.wav,3,28.15671875,28.4716875
00034_00.wav,4,33.472625,34.59959375
00003_00.wav,4,39.8401875,40.66415625
00022_00.wav,4,44.2528125,45.39278125
00034_00.wav,4,49.07253125,50.1995
00007_00.wav,4,54.88378125,55.67975
00033_00.wav,2,61.1650625,62.14803125
00012_00.wav,4,65.700375,66.77234375
00091_00.wav,3,71.96790625,72.350875
00031_00.wav,2,77.34003125,77.994
00002_00.wav,4,82.740125,83.83709375
00125_00.wav,3,89.23884375,89.5758125
00139_00.wav,3,95.195375,95.51034375
00030_00.wav,4,100.56075,102.51071875
00003_00.wav,2,105.92946875,107.9094375
00057_00.wav,3,111.72071875,112.7016875
00029_00.wav,2,116.705625,117.64759375
00025_00.wav,4,122.44009375,123.4100625
00030_00.wav,4,126.85496875,128.8049375
00007_00.wav,4,133.72790625,134.523875
00079_00.wav,3,138.99209375,139.4680625
00002_00.wav,4,144.04971875,145.1466875
00027_00.wav,2,149.33096875,150.3909375
00096_00.wav,3,155.2868125,155.71378125
00042_00.wav,3,159.8375,160.12646875
00050_00.wav,2,165.6895625,167.08353125
00044_00.wav,4,170.760625,172.48059375
00123_00.wav,3,176.23875,176.55371875
00049_00.wav,4,5.05509375,11.2790625
00033_00.wav,3,16.6910625,17.23903125
00010_00.wav,4,22.4794375,23.93840625
00052_00.wav,2,29.503375,30.39334375
00070_00.wav,3,35.966,36.38496875
00029_00.wav,4,41.2150625,41.70503125
00013_00.wav,4,47.1819375,48.33190625
00024_00.wav,4,53.5149375,54.21990625
00071_00.wav,3,57.81965625,58.281625
00004_00.wav,4,63.10153125,64.0605
00044_00.wav,4,67.993375,69.71334375
00095_00.wav,3,73.59821875,74.0271875
00010_00.wav,4,77.86896875,79.3279375
00122_00.wav,3,84.8641875,85.20115625
00048_00.wav,2,88.604875,90.19784375
00004_00.wav,2,94.79621875,95.7961875
00031_00.wav,2,99.12015625,99.774125
00006_00.wav,3,104.613375,105.42634375
00032_00.wav,4,109.511125,110.30109375
00040_00.wav,4,114.42890625,115.143875
00061_00.wav,3,120.0584375,120.52040625
00066_00.wav,3,124.32359375,124.7045625
00034_00.wav,2,128.42128125,130.34125
00009_00.wav,3,134.9993125,135.55928125
00024_00.wav,4,140.11109375,140.8160625
00081_00.wav,3,144.3493125,144.92228125
00025_00.wav,2,150.441625,152.77359375
00021_00.wav,4,157.72321875,158.4781875
00104_00.wav,3,163.43784375,163.8208125
00035_00.wav,4,167.890375,169.67034375
00010_00.wav,4,174.29625,175.75521875
00027_00.wav,4,179.77934375,180.6873125
00039_00.wav,2,4.6935,6.45346875
00002_00.wav,2,11.393375,12.33834375
00059_00.wav,2,15.86484375,20.9448125
00047_00.wav,2,25.728375,27.93834375
00047_00.wav,2,32.1670625,34.37703125
00066_00.wav,3,38.14884375,38.5298125
00032_00.wav,2,41.93103125,42.868
00057_00.wav,2,48.41928125,49.48125
00025_00.wav,3,53.61515625,54.397125
00025_00.wav,2,58.75215625,61.084125
00030_00.wav,3,65.66503125,66.003
00034_00.wav,4,69.7495625,70.87653125
00021_00.wav,4,75.35840625,76.113375
00003_00.wav,3,81.6456875,82.39565625
00034_00.wav,4,87.2190625,88.34603125
00020_00.wav,3,92.09528125,92.75525
00028_00.wav,2,96.87975,97.85971875
00013_00.wav,2,101.47525,102.43521875
00144_00.wav,3,107.517,107.85396875
00024_00.wav,4,111.3081875,112.01315625
00003_00.wav,2,115.73771875,117.7176875
00002_00.wav,4,121.1545625,122.25153125
00007_00.wav,4,125.73275,126.52871875
00158_00.wav,3,130.8749375,131.31990625
00032_00.wav,2,135.91646875,136.8534375
00021_00.wav,4,140.6495,141.40446875
00042_00.wav,4,145.22271875,147.8576875
00033_00.wav,2,151.9356875,152.91865625
00005_00.wav,2,157.70925,158.48921875
00067_00.wav,3,162.99425,163.57121875
00003_00.wav,3,168.6601875,169.41015625
00026_00.wav,3,174.1516875,174.88765625
00018_00.wav,3,178.87321875,179.5551875
00020_00.wav,2,4.9510625,5.52903125
00041_00.wav,3,10.284125,10.63009375
00007_00.wav,4,14.54940625,15.345375
00043_00.wav,4,20.45653125,21.7865
00126_00.wav,3,25.410875,25.68084375
00039_00.wav,4,29.2494375,30.25240625
00026_00.wav,3,34.07865625,34.814625
00001_00.wav,3,39.287375,39.95334375
00026_00.wav,3,45.34228125,46.07825
00048_00.wav,2,50.37146875,51.9644375
00081_00.wav,3,55.54625,56.11921875
00052_00.wav,2,60.2465625,61.13653125
00059_00.wav,2,66.74146875,71.8214375
00010_00.wav,4,77.09746875,78.5564375
00019_00.wav,4,82.92915625,84.001125
00053_00.wav,2,89.08396875,90.0779375
00033_00.wav,4,94.7501875,95.47015625
00103_00.wav,3,99.9395625,100.29853125
00057_00.wav,2,103.6031875,104.66515625
00088_00.wav,3,108.9030625,109.24303125
00048_00.wav,2,113.13278125,114.72575
00003_00.wav,4,119.27753125,120.1015
00058_00.wav,2,124.10275,127.78271875
00061_00.wav,3,131.89328125,132.35525
00048_00.wav,2,137.61375,139.20671875
00034_00.wav,4,143.002,144.12896875
00054_00.wav,2,147.7636875,149.02865625
00079_00.wav,3,152.742625,153.21859375
00033_00.wav,4,157.31353125,158.0335
00056_00.wav,3,162.21734375,162.5063125
00102_00.wav,3,168.0691875,168.49615625
00124_00.wav,3,174.011625,174.30459375
00007_00.wav,4,177.96809375,178.7640625
00022_00.wav,4,5.58746875,6.7274375
00109_00.wav,3,11.677875,12.15084375
00043_00.wav,4,16.15190625,17.481875
00006_00.wav,3,22.06721875,22.8801875
00035_00.wav,4,26.49684375,28.2768125
00046_00.wav,4,33.48746875,35.4474375
00147_00.wav,3,40.06175,40.44371875
00010_00.wav,4,44.90771875,46.3666875
00139_00.wav,3,51.7544375,52.06940625
00041_00.wav,2,57.730875,60.14084375
00070_00.wav,3,64.69225,65.11121875
00022_00.wav,4,69.52259375,70.6625625
00021_00.wav,4,74.72825,75.48321875
00043_00.wav,2,80.78521875,82.1801875
00002_00.wav,4,85.50825,86.60521875
00016_00.wav,3,91.91853125,92.3685
00030_00.wav,4,95.76346875,97.7134375
00022_00.wav,4,101.51190625,102.651875
00027_00.wav,2,106.5253125,107.58528125
00046_00.wav,4,111.1856875,113.14565625
00034_00.wav,2,117.965375,119.88534375
00007_00.wav,3,124.3088125,125.14578125
00019_00.wav,2,130.30096875,131.4809375
00007_00.wav,2,135.8155,136.97046875
00020_00.wav,2,142.338625,142.91659375
00003_00.wav,3,148.4149375,149.16490625
00019_00.wav,4,153.7885,154.86046875
00088_00.wav,3,160.276125,160.61609375
00124_00.wav,3,165.898375,166.19134375
00019_00.wav,3,170.73325,171.33521875
00095_00.wav,3,175.73934375,176.1683125
00077_00.wav,3,5.0490625,5.367
00114_00.wav,3,9.643125,9.95709375
00032_00.wav,4,15.10721875,15.8971875
00056_00.wav,2,19.98315625,20.637125
00052_00.wav,2,25.07834375,25.9683125
00063_00.wav,2,29.83740625,31.509375
00007_00.wav,2,37.11609375,38.2710625
00029_00.wav,2,41.6233125,42.56528125
00033_00.wav,4,46.12875,46.84871875
00017_00.wav,4,50.59921875,51.5291875
00049_00.wav,3,55.14403125,55.534
00123_00.wav,3,61.04371875,61.3586875
00031_00.wav,2,64.982625,65.63659375
00054_00.wav,2,69.37721875,70.6421875
00036_00.wav,4,74.038375,75.24834375
00003_00.wav,4,79.65384375,80.4778125
00052_00.wav,2,84.05115625,84.941125
00057_00.wav,2,90.41009375,91.4720625
00081_00.wav,3,96.4989375,97.07190625
00025_00.wav,2,101.36975,103.70171875
00005_00.wav,4,107.68484375,110.8978125
00007_00.wav,2,116.154875,117.30984375
00027_00.wav,3,121.66821875,122.0291875
00040_00.wav,4,127.664375,128.37934375
00033_00.wav,4,132.8288125,133.54878125
00034_00.wav,4,138.260625,139.38759375
00019_00.wav,4,144.49815625,145.570125
00013_00.wav,4,148.8945,150.04446875
00059_00.wav,2,153.92365625,159.003625
00017_00.wav,4,163.88753125,164.8175
00023_00.wav,4,170.273875,171.09884375
00124_00.wav,3,175.89853125,176.1915
00130_00.wav,3,179.98328125,180.34325
00135_00.wav,3,3.4545625,3.79153125
00024_00.wav,4,9.36678125,10.07175
00025_00.wav,2,15.40534375,17.7373125
00048_00.wav,4,22.12709375,23.0260625
00031_00.wav,4,26.91559375,28.0155625
00006_00.wav,4,31.79515625,32.565125
00058_00.wav,2,37.62225,41.30221875
00002_00.wav,4,46.15015625,47.247125
00086_00.wav,3,52.11484375,52.6298125
00099_00.wav,3,56.5140625,56.96303125
00016_00.wav,3,62.33878125,62.78875
00019_00.wav,2,67.519875,68.69984375
00006_00.wav,4,72.11959375,72.8895625
00004_00.wav,4,76.43671875,77.3956875
00012_00.wav,2,82.4989375,83.63890625
00043_00.wav,2,87.18046875,88.5754375
00002_00.wav,2,92.570125,93.51509375
00043_00.wav,4,97.08796875,98.4179375
00003_00.wav,2,103.150875,105.13084375
00067_00.wav,3,109.46525,110.04221875
00004_00.wav,4,114.2358125,115.19478125
00031_00.wav,4,119.6871875,120.78715625
00072_00.wav,3,126.3968125,126.87278125
00151_00.wav,3,131.29746875,131.7464375
00140_00.wav,3,135.3545625,135.71353125
00006_00.wav,3,139.7340625,140.54703125
00126_00.wav,3,146.16403125,146.434
00121_00.wav,3,150.4165,150.73146875
00049_00.wav,4,156.0405,162.26446875
00050_00.wav,2,167.38178125,168.77575
00049_00.wav,4,173.3643125,179.58828125
00011_00.wav,2,5.03028125,5.78325
00061_00.wav,2,9.9285625,10.78653125
00027_00.wav,3,16.135625,16.49659375
00047_00.wav,2,19.97696875,22.1869375
00016_00.wav,3,27.75721875,28.2071875
00005_00.wav,2,32.7279375,33.50790625
00048_00.wav,2,37.87990625,39.472875
00019_00.wav,4,44.63228125,45.70425
00020_00.wav,3,50.85575,51.51571875
00024_00.wav,2,57.02034375,59.0983125
00042_00.wav,4,63.02128125,65.65625
00034_00.wav,4,69.90234375,71.0293125
00017_00.wav,4,76.06,76.98996875
00008_00.wav,3,80.34965625,81.144625
00044_00.wav,4,86.55546875,88.2754375
00024_00.wav,2,93.93215625,96.010125
00049_00.wav,2,100.7779375,102.28490625
00118_00.wav,3,106.11628125,106.43125
00025_00.wav,2,111.076375,113.40834375
00039_00.wav,3,117.8310625,118.16303125
00072_00.wav,3,123.688625,124.16459375
00032_00.wav,4,129.72709375,130.5170625
00058_00.wav,3,135.0159375,135.37590625
00006_00.wav,2,138.77315625,139.583125
00110_00.wav,3,143.0335,143.37046875
00013_00.wav,4,148.25665625,149.406625
00010_00.wav,4,153.1979375,154.65690625
00050_00.wav,2,158.27834375,159.6723125
00048_00.wav,3,163.98296875,164.3579375
00048_00.wav,4,169.914625,170.81359375
00010_00.wav,2,175.844625,177.79159375
00001_00.wav,4,3.93009375,5.0300625
00021_00.wav,4,9.26778125,10.02275
00035_00.wav,4,13.86284375,15.6428125
00030_00.wav,4,20.4361875,22.38615625
00104_00.wav,3,25.70365625,26.086625
00016_00.wav,3,29.601375,30.05134375
00030_00.wav,4,34.85015625,36.800125
00025_00.wav,3,40.35171875,41.1336875
00020_00.wav,2,46.7326875,47.31065625
00020_00.wav,2,51.602375,52.18034375
00007_00.wav,2,57.27209375,58.4270625
00079_00.wav,3,63.886125,64.36209375
00037_00.wav,3,69.32671875,69.6436875
00004_00.wav,3,73.4491875,74.06415625
00025_00.wav,3,77.885625,78.66759375
00004_00.wav,2,83.47890625,84.478875
00049_00.wav,3,89.98684375,90.3768125
00003_00.wav,4,94.49875,95.32271875
00006_00.wav,4,100.79309375,101.5630625
00096_00.wav,3,105.23940625,105.666375
00004_00.wav,4,109.81265625,110.771625
00034_00.wav,4,115.58396875,116.7109375
00049_00.wav,2,120.74778125,122.25475
00041_00.wav,3,127.73871875,128.0846875
00025_00.wav,3,131.4075,132.18946875
00036_00.wav,4,136.60546875,137.8154375
00004_00.wav,4,142.52071875,143.4796875
00022_00.wav,4,148.11703125,149.257
00024_00.wav,2,154.8310625,156.90903125
00053_00.wav,3,161.89909375,162.34603125
00144_00.wav,3,166.2385,166.57546875
00039_00.wav,2,171.66559375,173.4255625
00058_00.wav,3,178.96809375,179.3280625
00062_00.wav,3,5.04753125,5.49446875
00006_00.wav,4,9.77996875,10.5499375
00091_00.wav,3,14.01053125,14.3935
00023_00.wav,3,18.7985625,19.56853125
00002_00.wav,2,25.01765625,25.962625
00047_00.wav,2,31.0645625,33.27453125
00013_00.wav,2,36.58940625,37.549375
00036_00.wav,4,41.89696875,43.1069375
00062_00.wav,3,47.68853125,48.13546875
00055_00.wav,2,53.32696875,54.1459375
00041_00.wav,2,59.3938125,61.80378125
00048_00.wav,2,65.49021875,67.0831875
00024_00.wav,4,72.3481875,73.05315625
00040_00.wav,2,78.237125,79.91209375
00007_00.wav,4,84.5535625,85.34953125
00046_00.wav,4,90.8223125,92.78228125
00028_00.wav,2,96.74290625,97.722875
00043_00.wav,2,101.810875,103.20584375
00057_00.wav,3,107.5121875,108.49315625
00042_00.wav,4,112.05878125,114.69375
00027_00.wav,4,119.63171875,120.5396875
00036_00.wav,4,124.73946875,125.9494375
00048_00.wav,3,131.232375,131.60734375
00158_00.wav,3,136.98665625,137.431625
00031_00.wav,2,142.77790625,143.431875
00007_00.wav,3,147.963875,148.80084375
00039_00.wav,4,153.3068125,154.30978125
00043_00.wav,2,158.53115625,159.926125
00032_00.wav,4,164.174125,164.96409375
00004_00.wav,2,168.9659375,169.96590625
00021_00.wav,4,173.94153125,174.6965
00028_00.wav,2,178.574,179.55396875
00033_00.wav,4,4.6368125,5.35678125
00039_00.wav,3,10.0179375,10.34990625
00030_00.wav,3,15.4266875,15.76465625
00044_00.wav,4,19.4944375,21.21440625
00044_00.wav,4,26.7678125,28.48778125
00028_00.wav,2,33.62246875,34.6024375
00018_00.wav,2,38.38428125,39.37425
00004_00.wav,4,43.89609375,44.8550625
00004_00.wav,4,50.041,50.99996875
00009_00.wav,3,56.4786875,57.03865625
00033_00.wav,4,61.99678125,62.71675
00126_00.wav,3,66.1385,66.40846875
00123_00.wav,3,70.410375,70.72534375
00029_00.wav,4,76.074375,76.56434375
00006_00.wav,3,81.65784375,82.4708125
00018_00.wav,2,87.3005,88.29046875
00037_00.wav,3,92.42928125,92.74625
00006_00.wav,2,97.3471875,98.15715625
00084_00.wav,3,102.45534375,102.8153125
00040_00.wav,3,108.13221875,108.4201875
00055_00.wav,3,112.833625,113.22259375
00025_00.wav,2,116.94465625,119.276625
00126_00.wav,3,124.22484375,124.4948125
00034_00.wav,4,128.8558125,129.98278125
00103_00.wav,3,133.538375,133.89734375
00081_00.wav,3,138.76684375,139.3398125
00024_00.wav,4,144.74409375,145.4490625
00010_00.wav,4,150.05896875,151.5179375
00067_00.wav,3,155.200625,155.77759375
00034_00.wav,4,161.0031875,162.13015625
00008_00.wav,3,167.237375,168.03234375
00004_00.wav,4,172.9225,173.88146875
00007_00.wav,2,177.80596875,178.9609375
00030_00.wav,2,3.30928125,4.12625
00085_00.wav,3,7.71175,8.13671875
00033_00.wav,4,12.8858125,13.60578125
00015_00.wav,3,18.8143125,19.23328125
00030_00.wav,2,24.77834375,25.5953125
00084_00.wav,3,30.83646875,31.1964375
00040_00.wav,4,35.042625,35.75759375
00019_00.wav,2,39.788375,40.96834375
00005_00.wav,4,45.02409375,48.2370625
00078_00.wav,3,52.7946875,53.41465625
00029_00.wav,2,58.12896875,59.0709375
00130_00.wav,3,63.72590625,64.085875
00041_00.wav,3,69.72259375,70.0685625
00017_00.wav,4,73.5284375,74.45840625
00031_00.wav,4,78.81221875,79.9121875
00048_00.wav,2,85.0115,86.60446875
00017_00.wav,4,92.2478125,93.17778125
00007_00.wav,4,98.400125,99.19609375
00049_00.wav,2,103.27946875,104.7864375
00039_00.wav,4,109.5045625,110.50753125
00027_00.wav,2,114.284875,115.34484375
00003_00.wav,4,119.9323125,120.75628125
00035_00.wav,3,125.696875,126.02784375
00063_00.wav,2,130.958875,132.63084375
00110_00.wav,3,137.81578125,138.15275
00036_00.wav,4,143.44696875,144.6569375
00100_00.wav,3,148.34134375,148.6563125
00054_00.wav,2,152.3383125,153.60328125
00089_00.wav,3,158.50471875,158.8846875
00004_00.wav,2,162.4836875,163.48365625
00013_00.wav,4,169.17040625,170.320375
00031_00.wav,4,174.6856875,175.78565625
00055_00.wav,2,3.64459375,4.4635625
00007_00.wav,2,10.15703125,11.312
00014_00.wav,2,16.91734375,22.3673125
00008_00.wav,4,26.10528125,26.92925
00024_00.wav,4,30.55846875,31.2634375
00068_00.wav,3,36.7985,37.28846875
00038_00.wav,2,41.88265625,43.147625
00077_00.wav,3,47.269625,47.5875625
00003_00.wav,4,53.284375,54.10834375
00088_00.wav,3,58.38140625,58.721375
00057_00.wav,2,64.399375,65.46134375
00036_00.wav,4,69.199125,70.40909375
00010_00.wav,4,74.83553125,76.2945
00033_00.wav,3,79.72146875,80.2694375
00032_00.wav,4,83.9575,84.74746875
00013_00.wav,4,89.527625,90.67759375
00008_00.wav,2,95.7450625,96.71603125
00001_00.wav,4,101.63590625,102.735875
00047_00.wav,2,107.68896875,109.8989375
00014_00.wav,2,114.40709375,119.8570625
00007_00.wav,4,124.25471875,125.0506875
00036_00.wav,4,128.7674375,129.97740625
00151_00.wav,3,133.64425,134.09321875
00056_00.wav,2,137.66809375,138.3220625
00107_00.wav,3,142.86796875,143.2959375
00001_00.wav,3,147.26921875,147.9351875
00014_00.wav,3,152.54090625,153.052875
00034_00.wav,2,156.75040625,158.670375
00008_00.wav,4,162.64821875,163.4721875
00032_00.wav,2,168.80046875,169.7374375
00043_00.wav,2,175.11715625,176.512125
00056_00.wav,2,179.8335625,180.48753125
00040_00.wav,4,4.16225,4.87721875
00009_00.wav,2,9.61425,10.66821875
00010_00.wav,4,15.7970625,17.25603125
00008_00.wav,2,21.69428125,22.66525
00085_00.wav,3,28.084,28.50896875
00057_00.wav,2,32.79875,33.86071875
00010_00.wav,2,39.37253125,41.3195
00041_00.wav,2,46.21378125,48.62375
00048_00.wav,4,54.07290625,54.971875
00040_00.wav,4,59.94465625,60.659625
00037_00.wav,3,65.70884375,66.0258125
00010_00.wav,4,70.7603125,72.21928125
00132_00.wav,3,77.8685625,78.20553125
00099_00.wav,3,82.57853125,83.0275
00048_00.wav,4,87.06975,87.96871875
00005_00.wav,4,93.0498125,96.26278125
00032_00.wav,4,100.46675,101.25671875
00030_00.wav,4,106.41865625,108.368625
00056_00.wav,2,112.55025,113.20421875
00054_00.wav,3,116.62496875,117.3029375
00018_00.wav,2,120.888,121.87796875
00003_00.wav,4,125.9635,126.78746875
00042_00.wav,3,131.2733125,131.56228125
00024_00.wav,4,136.660125,137.36509375
00152_00.wav,3,140.780625,141.23059375
00017_00.wav,4,145.06421875,145.9941875
00002_00.wav,4,151.56465625,152.661625
00005_00.wav,4,157.215875,160.42884375
00023_00.wav,4,165.89478125,166.71975
00018_00.wav,2,170.88346875,171.8734375
00060_00.wav,3,175.84946875,176.2824375
00012_00.wav,4,3.344625,4.41659375
00055_00.wav,3,9.97478125,10.36375
00017_00.wav,4,14.4015625,15.33153125
00014_00.wav,2,19.370875,24.82084375
00024_00.wav,4,28.737625,29.44259375
00006_00.wav,2,34.75025,35.56021875
00049_00.wav,4,39.08634375,45.3103125
00005_00.wav,4,49.87671875,53.0896875
00003_00.wav,2,58.2836875,60.26365625
00014_00.wav,2,65.41903125,70.869
00012_00.wav,2,75.89128125,77.03125
00008_00.wav,4,81.005125,81.82909375
00040_00.wav,4,86.130375,86.84534375
00040_00.wav,4,90.449,91.16396875
00057_00.wav,2,94.5535625,95.61553125
00024_00.wav,2,99.11159375,101.1895625
00024_00.wav,4,105.57353125,106.2785
00050_00.wav,2,111.974,113.36796875
00058_00.wav,2,117.55528125,121.23525
00135_00.wav,3,125.49265625,125.829625
00062_00.wav,3,130.2413125,130.68825
00039_00.wav,2,135.70253125,137.4625
00008_00.wav,2,140.84059375,141.8115625
00010_00.wav,4,146.49903125,147.958
00063_00.wav,2,152.04284375,153.7148125
00125_00.wav,3,157.82040625,158.157375
00026_00.wav,2,162.70678125,163.89175
00126_00.wav,3,167.7818125,168.05178125
00052_00.wav,2,171.49896875,172.3889375
00056_00.wav,2,176.41040625,177.064375
00157_00.wav,3,4.1915,4.61846875
00032_00.wav,3,9.70525,10.25321875
00033_00.wav,4,15.3444375,16.06440625
00035_00.wav,4,19.945125,21.72509375
00039_00.wav,4,27.0161875,28.01915625
00054_00.wav,2,32.64065625,33.905625
00036_00.wav,4,39.3323125,40.54228125
00087_00.wav,3,45.01671875,45.3766875
00036_00.wav,4,48.67971875,49.8896875
00157_00.wav,3,55.043375,55.47034375
00042_00.wav,4,60.7075625,63.34253125
00010_00.wav,2,68.3036875,70.25065625
00001_00.wav,3,73.91884375,74.5848125
00047_00.wav,2,78.64103125,80.851
00035_00.wav,4,85.66475,87.44471875
00005_00.wav,4,90.917875,94.13084375
00036_00.wav,4,99.30003125,100.51
00025_00.wav,4,104.98503125,105.955
00024_00.wav,2,111.1788125,113.25678125
00023_00.wav,3,118.62459375,119.3945625
00048_00.wav,4,124.8156875,125.71465625
00010_00.wav,4,130.33303125,131.792
00013_00.wav,4,136.324,137.47396875
00050_00.wav,2,142.81128125,144.20525
00003_00.wav,4,149.7773125,150.60128125
00032_00.wav,3,155.45625,156.00421875
00049_00.wav,3,159.8116875,160.20165625
00019_00.wav,2,164.2551875,165.43515625
00012_00.wav,4,169.1906875,170.26265625
00091_00.wav,3,175.02696875,175.4099375
00049_00.wav,4,179.64546875,185.8694375
00033_00.wav,2,4.734125,5.71709375
00002_00.wav,4,9.74046875,10.8374375
00030_00.wav,4,14.99278125,16.94275
00018_00.wav,2,21.2329375,22.22290625
00013_00.wav,4,26.83565625,27.985625
00151_00.wav,3,32.34821875,32.7971875
00108_00.wav,3,37.41165625,37.883625
00113_00.wav,3,41.96796875,42.3509375
00108_00.wav,3,46.978875,47.45084375
00029_00.wav,2,52.9429375,53.88490625
00036_00.wav,4,58.07353125,59.2835
00023_00.wav,4,64.98075,65.80571875
00156_00.wav,3,71.28984375,71.6268125
00047_00.wav,2,75.70184375,77.9118125
00003_00.wav,4,83.2385,84.06246875
00048_00.wav,2,88.47978125,90.07275
00057_00.wav,3,95.63165625,96.612625
00029_00.wav,4,100.04209375,100.5320625
00025_00.wav,4,103.85734375,104.8273125
00012_00.wav,2,110.0493125,111.18928125
00024_00.wav,4,115.74,116.44496875
00018_00.wav,2,121.493875,122.48384375
00003_00.wav,4,126.17221875,126.9961875
00026_00.wav,2,131.41690625,132.601875
00013_00.wav,3,135.95478125,136.53075
00032_00.wav,4,139.9580625,140.74803125
00151_00.wav,3,144.32084375,144.7698125
00041_00.wav,2,149.82559375,152.2355625
00059_00.wav,2,157.5773125,162.65728125
00098_00.wav,3,167.3154375,167.74540625
00030_00.wav,2,172.9574375,173.77440625
00025_00.wav,2,178.83309375,181.1650625
00008_00.wav,4,5.089375,5.91334375
00017_00.wav,4,10.3814375,11.31140625
00023_00.wav,4,15.84040625,16.665375
00027_00.wav,4,21.89478125,22.80275
00013_00.wav,4,27.61534375,28.7653125
00086_00.wav,3,32.3014375,32.81640625
00047_00.wav,2,37.03878125,39.24875
00002_00.wav,2,44.36634375,45.3113125
00007_00.wav,4,49.37125,50.16721875
00012_00.wav,4,54.67984375,55.7518125
00039_00.wav,2,60.4196875,62.17965625
00048_00.wav,4,66.30625,67.20521875
00125_00.wav,3,70.733,71.06996875
00054_00.wav,2,76.4734375,77.73840625
00107_00.wav,3,81.57396875,82.0019375
00026_00.wav,2,87.6084375,88.79340625
00076_00.wav,3,93.08315625,93.357125
00135_00.wav,3,98.7000625,99.03703125
00077_00.wav,3,104.55534375,104.87328125
00103_00.wav,3,109.1665,109.52546875
00042_00.wav,3,114.80378125,115.09275
00078_00.wav,3,118.840125,119.46009375
00055_00.wav,3,123.40371875,123.7926875
00035_00.wav,4,127.67509375,129.4550625
00004_00.wav,2,133.08615625,134.086125
00055_00.wav,2,137.4794375,138.29840625
00058_00.wav,3,142.29090625,142.650875
00024_00.wav,2,147.6703125,149.74828125
00046_00.wav,4,154.77834375,156.7383125
00001_00.wav,3,160.35484375,161.0208125
00030_00.wav,4,165.50109375,167.4510625
00036_00.wav,4,171.9231875,173.13315625
00037_00.wav,3,178.64740625,178.964375
00024_00.wav,4,4.0378125,4.74278125
00004_00.wav,2,8.65240625,9.652375
00152_00.wav,3,15.2879375,15.73790625
00019_00.wav,4,20.2675,21.33946875
00047_00.wav,2,25.66278125,27.87275
00077_00.wav,3,33.14875,33.4666875
00033_00.wav,4,38.93234375,39.6523125
00042_00.wav,4,44.9195625,47.55453125
00044_00.wav,4,51.2576875,52.97765625
00030_00.wav,4,57.296875,59.24684375
00049_00.wav,4,62.59303125,68.817
00011_00.wav,2,74.456,75.20896875
00106_00.wav,3,80.24659375,80.6285625
00039_00.wav,4,84.55525,85.55821875
00031_00.wav,2,90.5748125,91.22878125
00009_00.wav,2,95.6486875,96.70265625
00004_00.wav,4,101.76778125,102.72675
00125_00.wav,3,106.54453125,106.8815
00005_00.wav,4,110.935,114.14796875
00023_00.wav,4,119.526125,120.35109375
00034_00.wav,2,124.14378125,126.06375
00061_00.wav,2,130.776875,131.63484375
00060_00.wav,3,136.38684375,136.8198125
00043_00.wav,2,141.106375,142.50134375
00031_00.wav,4,146.05240625,147.152375
00025_00.wav,2,152.46146875,154.7934375
00030_00.wav,4,160.2066875,162.15665625
00078_00.wav,3,165.98909375,166.6090625
00049_00.wav,4,170.605625,176.82959375
00061_00.wav,2,3.536375,4.39434375
00035_00.wav,4,8.20978125,9.98975
00032_00.wav,4,13.7191875,14.50915625
00157_00.wav,3,18.95540625,19.382375
00017_00.wav,4,24.67603125,25.606
00007_00.wav,4,30.316625,31.11259375
00013_00.wav,2,35.94221875,36.9021875
00126_00.wav,3,42.38359375,42.6535625
00013_00.wav,3,47.52490625,48.100875
00003_00.wav,4,52.19846875,53.0224375
00034_00.wav,2,57.7456875,59.66565625
00088_00.wav,3,64.50890625,64.848875
00006_00.wav,3,68.157125,68.97009375
00035_00.wav,4,74.17215625,75.952125
00029_00.wav,3,79.4776875,79.83765625
00018_00.wav,3,85.07415625,85.756125
00033_00.wav,2,89.58084375,90.5638125
00027_00.wav,2,94.708625,95.76859375
00003_00.wav,4,100.67375,101.49771875
00021_00.wav,4,107.1825625,107.93753125
00018_00.wav,2,113.298375,114.28834375
00045_00.wav,3,118.20728125,118.52425
00012_00.wav,4,124.0485625,125.12053125
00019_00.wav,4,129.01834375,130.0903125
00011_00.wav,3,134.18971875,134.6726875
00066_00.wav,3,139.86871875,140.2496875
00085_00.wav,3,145.243,145.66796875
00006_00.wav,4,151.1425,151.91246875
00043_00.wav,2,155.36428125,156.75925
00008_00.wav,4,161.49915625,162.323125
00031_00.wav,3,166.780125,167.30809375
00006_00.wav,2,172.49115625,173.301125
00010_00.wav,2,178.71925,180.66621875
00057_00.wav,2,5.1985625,6.26053125
00063_00.wav,2,9.91209375,11.5840625
00049_00.wav,4,16.05996875,22.2839375
00054_00.wav,2,27.50746875,28.7724375
00088_00.wav,3,32.49525,32.83521875
00023_00.wav,4,38.506375,39.33134375
00029_00.wav,4,44.04246875,44.5324375
00087_00.wav,3,50.113875,50.47384375
00135_00.wav,3,54.98965625,55.326625
00030_00.wav,2,60.09428125,60.91125
00008_00.wav,4,64.84196875,65.6659375
00028_00.wav,2,69.7165625,70.69653125
00066_00.wav,3,74.45809375,74.8390625
00041_00.wav,3,79.91021875,80.2561875
00031_00.wav,2,83.90290625,84.556875
00039_00.wav,2,88.5804375,90.34040625
00035_00.wav,4,95.99975,97.77971875
00017_00.wav,4,101.2146875,102.14465625
00024_00.wav,2,106.6370625,108.71503125
00072_00.wav,3,112.2284375,112.70440625
00019_00.wav,4,117.57853125,118.6505
00010_00.wav,2,124.25409375,126.2010625
00010_00.wav,4,130.6194375,132.07840625
00028_00.wav,2,135.679625,136.65959375
00009_00.wav,2,140.23046875,141.2844375
00077_00.wav,3,144.6129375,144.930875
00035_00.wav,4,150.61321875,152.3931875
00140_00.wav,3,156.68146875,157.0404375
00004_00.wav,4,161.1271875,162.08615625
00059_00.wav,2,166.81115625,171.891125
00050_00.wav,2,176.7313125,178.12528125
00026_00.wav,2,4.0555,5.24046875
00041_00.wav,2,8.67346875,11.0834375
00068_00.wav,3,14.5730625,15.06303125
00008_00.wav,4,20.7375625,21.56153125
00021_00.wav,4,25.58753125,26.3425
00005_00.wav,4,31.8975625,35.11053125
00033_00.wav,2,40.7235625,41.70653125
00052_00.wav,2,45.7906875,46.68065625
00049_00.wav,4,50.546625,56.77059375
00018_00.wav,2,60.93746875,61.9274375
00002_00.wav,4,66.5241875,67.62115625
00055_00.wav,2,71.03303125,71.852
00039_00.wav,2,77.51425,79.27421875
00018_00.wav,3,82.8264375,83.50840625
00058_00.wav,2,87.182375,90.86234375
00058_00.wav,3,95.44453125,95.8045
00041_00.wav,3,99.3376875,99.68365625
00019_00.wav,2,104.74659375,105.9265625
00053_00.wav,2,110.1399375,111.13390625
00008_00.wav,4,116.1915625,117.01553125
00019_00.wav,2,122.7106875,123.89065625
00032_00.wav,3,129.25725,129.80521875
00038_00.wav,2,134.28665625,135.551625
00055_00.wav,3,139.59753125,139.9865
00147_00.wav,3,143.36653125,143.7485
00012_00.wav,4,148.38715625,149.459125
00043_00.wav,4,152.839625,154.16959375
00005_00.wav,4,159.43871875,162.6516875
00036_00.wav,4,167.11475,168.32471875
00033_00.wav,4,173.71303125,174.433
00007_00.wav,2,4.26340625,5.418375
00001_00.wav,4,9.66325,10.76321875
00023_00.wav,4,14.20078125,15.02575
00042_00.wav,4,19.870625,22.50559375
00111_00.wav,3,26.8628125,27.28978125
00005_00.wav,2,30.7975,31.57746875
00002_00.wav,3,35.129875,35.59684375
00063_00.wav,2,41.015375,42.68734375
00024_00.wav,2,48.386625,50.46459375
00008_00.wav,4,53.94740625,54.771375
00035_00.wav,3,58.31496875,58.6459375
00032_00.wav,2,63.23309375,64.1700625
00040_00.wav,4,68.379125,69.09409375
00048_00.wav,4,73.73321875,74.6321875
00054_00.wav,3,79.86834375,80.5463125
00010_00.wav,2,85.51571875,87.4626875
00061_00.wav,2,91.16459375,92.0225625
00151_00.wav,3,96.02490625,96.473875
00033_00.wav,4,101.6266875,102.34665625
00034_00.wav,2,107.1808125,109.10078125
00049_00.wav,4,114.37696875,120.6009375
00045_00.wav,3,125.26784375,125.5848125
00031_00.wav,4,129.25125,130.35121875
00029_00.wav,2,133.70553125,134.6475
00030_00.wav,2,138.34175,139.15871875
00052_00.wav,2,142.91221875,143.8021875
00029_00.wav,4,148.4739375,148.96390625
00033_00.wav,2,154.483375,155.46634375
00001_00.wav,4,159.24790625,160.347875
00049_00.wav,3,166.03359375,166.4235625
00024_00.wav,2,170.45978125,172.53775
00118_00.wav,3,177.35446875,177.6694375
00135_00.wav,3,4.58809375,4.9250625
00011_00.wav,2,10.22821875,10.9811875
00054_00.wav,3,14.94209375,15.6200625
00013_00.wav,2,19.42153125,20.3815
00149_00.wav,3,24.32203125,24.704
00025_00.wav,4,28.19778125,29.16775
00027_00.wav,2,32.77090625,33.830875
00055_00.wav,2,38.05996875,38.8789375
00046_00.wav,4,42.33115625,44.291125
00140_00.wav,3,49.5070625,49.86603125
00019_00.wav,4,53.8575625,54.92953125
00011_00.wav,2,60.53259375,61.2855625
00041_00.wav,2,66.15375,68.56371875
00026_00.wav,2,72.63028125,73.81525
00040_00.wav,2,77.3068125,78.98178125
00106_00.wav,3,82.95803125,83.34
00054_00.wav,3,88.9870625,89.66503125
00005_00.wav,4,93.38478125,96.59775
00107_00.wav,3,100.26296875,100.6909375
00024_00.wav,2,104.42459375,106.5025625
00026_00.wav,2,109.853,111.03796875
00054_00.wav,2,116.4675,117.73246875
00019_00.wav,4,122.62890625,123.700875
00005_00.wav,2,127.5911875,128.37115625
00030_00.wav,2,131.674,132.49096875
00034_00.wav,4,137.72540625,138.852375
00044_00.wav,4,143.57884375,145.2988125
00019_00.wav,2,150.27621875,151.4561875
00032_00.wav,3,155.42221875,155.9701875
00029_00.wav,4,161.16671875,161.6566875
00057_00.wav,2,166.7563125,167.81828125
00028_00.wav,2,172.7590625,173.73903125
00012_00.wav,4,178.08771875,179.1596875
00017_00.wav,4,5.106625,6.03659375
00031_00.wav,4,9.41334375,10.5133125
00055_00.wav,2,13.88978125,14.70875
00007_00.wav,4,20.178625,20.97459375
00042_00.wav,4,26.3850625,29.02003125
00013_00.wav,3,34.676375,35.25234375
00015_00.wav,3,39.04421875,39.4631875
00040_00.wav,4,44.2925,45.00746875
00005_00.wav,2,48.6428125,49.42278125
00042_00.wav,3,54.33775,54.62671875
00113_00.wav,3,60.1305625,60.51353125
00010_00.wav,4,64.86853125,66.3275
00027_00.wav,4,70.74940625,71.657375
00085_00.wav,3,77.257875,77.68284375
00050_00.wav,2,81.1895625,82.58353125
00018_00.wav,2,86.939,87.92896875
00010_00.wav,4,92.363,93.82196875
00075_00.wav,3,97.75778125,98.04575
00050_00.wav,2,102.06821875,103.4621875
00103_00.wav,3,108.4103125,108.76928125
00020_00.wav,2,112.94084375,113.5188125
00025_00.wav,2,118.17565625,120.507625
00007_00.wav,2,124.44540625,125.600375
00123_00.wav,3,131.23134375,131.5463125
00010_00.wav,4,135.95721875,137.4161875
00130_00.wav,3,141.3243125,141.68428125
00032_00.wav,3,146.75703125,147.305
00054_00.wav,2,152.0575,153.32246875
00125_00.wav,3,157.83509375,158.1720625
00043_00.wav,2,162.14584375,163.5408125
00047_00.wav,3,167.28346875,167.6724375
00086_00.wav,3,172.38128125,172.89625
00087_00.wav,3,176.78678125,177.14675
00121_00.wav,3,5.28946875,5.6044375
00104_00.wav,3,9.99825,10.38121875
00017_00.wav,4,14.88175,15.81171875
00088_00.wav,3,19.67453125,20.0145
00029_00.wav,4,24.66171875,25.1516875
00140_00.wav,3,28.56859375,28.9275625
00063_00.wav,2,32.8281875,34.50015625
00040_00.wav,2,38.3304375,40.00540625
00116_00.wav,3,44.7051875,45.06515625
00006_00.wav,4,49.90965625,50.679625
00002_00.wav,2,54.50434375,55.4493125
00005_00.wav,2,59.8245,60.60446875
00122_00.wav,3,64.0254375,64.36240625
00004_00.wav,4,68.85871875,69.8176875
00057_00.wav,2,74.025875,75.08784375
00042_00.wav,4,78.7629375,81.39790625
00104_00.wav,3,84.7886875,85.17165625
00024_00.wav,4,89.3589375,90.06390625
00034_00.wav,2,94.1306875,96.05065625
00033_00.wav,4,99.98103125,100.701
00010_00.wav,2,106.274125,108.22109375
00019_00.wav,2,113.281,114.46096875
00021_00.wav,4,118.3695625,119.12453125
00006_00.wav,4,122.50925,123.27921875
00123_00.wav,3,127.7516875,128.06665625
00003_00.wav,4,133.66378125,134.48775
00034_00.wav,4,139.56196875,140.6889375
00039_00.wav,4,145.122125,146.12509375
00018_00.wav,2,149.6076875,150.59765625
00008_00.wav,3,155.46046875,156.2554375
00124_00.wav,3,161.28525,161.57821875
00034_00.wav,4,165.51559375,166.6425625
00031_00.wav,2,170.07025,170.72421875
00085_00.wav,3,176.1973125,176.62228125
00047_00.wav,2,5.0576875,7.26765625
00136_00.wav,3,11.80321875,12.1851875
00095_00.wav,3,16.10065625,16.529625
00005_00.wav,2,21.9515625,22.73153125
00003_00.wav,4,27.16371875,27.9876875
00042_00.wav,4,33.53321875,36.1681875
00012_00.wav,4,41.40878125,42.48075
00035_00.wav,4,46.500625,48.28059375
00066_00.wav,3,53.60503125,53.986
00043_00.wav,2,57.34246875,58.7374375
00040_00.wav,4,64.283875,64.99884375
00003_00.wav,2,68.9276875,70.90765625
00068_00.wav,3,74.4120625,74.90203125
00098_00.wav,3,80.51653125,80.9465
00010_00.wav,4,85.141125,86.60009375
00027_00.wav,2,91.93040625,92.990375
00027_00.wav,4,98.26815625,99.176125
00102_00.wav,3,104.83296875,105.2599375
00079_00.wav,3,108.56059375,109.0365625
00126_00.wav,3,113.418875,113.68884375
00030_00.wav,2,118.1924375,119.00940625
00044_00.wav,4,123.2585,124.97846875
00019_00.wav,4,129.59834375,130.6703125
00010_00.wav,4,135.85784375,137.3168125
00036_00.wav,4,142.6575625,143.86753125
00031_00.wav,2,147.711125,148.36509375
00096_00.wav,3,153.76078125,154.18775
00053_00.wav,3,159.3525625,159.7995
00063_00.wav,2,164.00878125,165.68075
00028_00.wav,2,169.37334375,170.3533125
00046_00.wav,4,174.13328125,176.09325
00002_00.wav,2,179.6533125,180.59828125
00157_00.wav,3,4.192875,4.61984375
00013_00.wav,4,7.99634375,9.1463125
00055_00.wav,2,13.55675,14.37571875
00011_00.wav,3,17.76175,18.24471875
00054_00.wav,3,23.6686875,24.34665625
00006_00.wav,2,29.4211875,30.23115625
00042_00.wav,4,34.092375,36.72734375
00006_00.wav,4,40.04221875,40.8121875
00011_00.wav,2,45.39446875,46.1474375
00156_00.wav,3,50.045125,50.38209375
00123_00.wav,3,55.10003125,55.415
00099_00.wav,3,60.62903125,61.078
00006_00.wav,4,66.3308125,67.10078125
00013_00.wav,4,72.15090625,73.300875
00040_00.wav,2,77.86040625,79.535375
00076_00.wav,3,83.42884375,83.7028125
00042_00.wav,3,87.44803125,87.737
00020_00.wav,3,92.71171875,93.3716875
00005_00.wav,4,96.78678125,99.99975
00020_00.wav,2,104.06671875,104.6446875
00039_00.wav,4,108.0101875,109.01315625
00030_00.wav,3,112.77446875,113.1124375
00017_00.wav,4,116.80128125,117.73125
00031_00.wav,4,121.35153125,122.4515
00029_00.wav,4,126.67140625,127.161375
00032_00.wav,4,132.66725,133.45721875
00035_00.wav,4,136.9428125,138.72278125
00049_00.wav,2,143.48675,144.99371875
00048_00.wav,2,149.28665625,150.879625
00044_00.wav,4,154.96915625,156.689125
00008_00.wav,2,160.35565625,161.326625
00048_00.wav,2,166.80309375,168.3960625
00060_00.wav,3,173.5175625,173.95053125
00038_00.wav,2,177.98240625,179.247375
00091_00.wav,3,4.74746875,5.1304375
00033_00.wav,4,10.2351875,10.95515625
00025_00.wav,4,16.45378125,17.42375
00125_00.wav,3,22.8431875,23.18015625
00031_00.wav,4,27.90915625,29.009125
00035_00.wav,4,32.68784375,34.4678125
00063_00.wav,2,38.21403125,39.886
00039_00.wav,2,43.7383125,45.49828125
00058_00.wav,3,49.76221875,50.1221875
00025_00.wav,3,54.995875,55.77784375
00048_00.wav,3,59.41278125,59.78775
00032_00.wav,3,65.0653125,65.61328125
00074_00.wav,3,70.43715625,70.740125
00001_00.wav,4,76.175125,77.27509375
00007_00.wav,3,82.181375,83.01834375
00019_00.wav,4,88.397625,89.46959375
00020_00.wav,2,92.89840625,93.476375
00013_00.wav,3,98.62409375,99.2000625
00003_00.wav,2,102.7513125,104.73128125
00027_00.wav,3,109.62375,109.98471875
00033_00.wav,2,114.84690625,115.829875
00009_00.wav,3,120.0784375,120.63840625
00036_00.wav,4,124.016,125.22596875
00152_00.wav,3,130.27175,130.72171875
00007_00.wav,2,134.3158125,135.47078125
00002_00.wav,2,139.85296875,140.7979375
00018_00.wav,3,145.9429375,146.62490625
00039_00.wav,4,150.97,151.97296875
00018_00.wav,3,156.982875,157.66484375
00007_00.wav,4,163.04228125,163.83825
00139_00.wav,3,168.9386875,169.25365625
00063_00.wav,2,173.9283125,175.60028125
00025_00.wav,3,3.71465625,4.496625
00004_00.wav,4,9.18271875,10.1416875
00031_00.wav,2,14.27425,14.92821875
00103_00.wav,3,19.56284375,19.9218125
00085_00.wav,3,24.50125,24.92621875
00025_00.wav,4,29.02165625,29.991625
00019_00.wav,2,35.4798125,36.65978125
00108_00.wav,3,41.70428125,42.17625
00018_00.wav,2,46.904375,47.89434375
00061_00.wav,2,51.46528125,52.32325
00122_00.wav,3,56.78128125,57.11825
00008_00.wav,4,62.757875,63.58184375
00089_00.wav,3,68.493125,68.87309375
00025_00.wav,4,74.08340625,75.053375
00033_00.wav,4,80.63146875,81.3514375
00058_00.wav,2,86.82634375,90.5063125
00014_00.wav,2,93.97390625,99.423875
00035_00.wav,3,103.7354375,104.06640625
00004_00.wav,4,108.1228125,109.08178125
00025_00.wav,3,114.50803125,115.29
00039_00.wav,4,118.77896875,119.7819375
00054_00.wav,3,124.320375,124.99834375
00085_00.wav,3,129.86409375,130.2890625
00096_00.wav,3,135.33503125,135.762
00021_00.wav,4,140.90484375,141.6598125
00032_00.wav,3,147.21590625,147.763875
00066_00.wav,3,152.01825,152.39921875
00051_00.wav,3,156.01878125,156.40775
00014_00.wav,2,161.02440625,166.474375
00002_00.wav,4,170.72678125,171.82375
00024_00.wav,4,176.77428125,177.47925
00019_00.wav,4,3.96840625,5.040375
00003_00.wav,3,10.58646875,11.3364375
00023_00.wav,4,16.15340625,16.978375
00048_00.wav,4,22.6378125,23.53678125
00016_00.wav,3,27.49175,27.94171875
00058_00.wav,2,31.4611875,35.14115625
00156_00.wav,3,39.52934375,39.8663125
00075_00.wav,3,44.91003125,45.198
00019_00.wav,2,49.6501875,50.83015625
00033_00.wav,2,55.60628125,56.58925
00147_00.wav,3,60.7448125,61.12678125
00035_00.wav,4,66.28884375,68.0688125
00050_00.wav,2,72.2484375,73.64240625
00057_00.wav,3,77.49259375,78.4735625
00061_00.wav,2,81.90425,82.76221875
00022_00.wav,4,87.36275,88.50271875
00031_00.wav,4,94.201125,95.30109375
00006_00.wav,4,99.9785625,100.74853125
00031_00.wav,3,104.1535,104.68146875
00041_00.wav,2,109.89090625,112.300875
00012_00.wav,2,117.25103125,118.391
00002_00.wav,4,122.398375,123.49534375
00140_00.wav,3,127.75178125,128.11075
00017_00.wav,4,131.51346875,132.4434375
00036_00.wav,4,136.59534375,137.8053125
00042_00.wav,4,143.18225,145.81721875
00150_00.wav,3,150.45321875,150.8811875
00024_00.wav,2,154.77853125,156.8565
00108_00.wav,3,161.7515,162.22346875
00019_00.wav,2,166.91521875,168.0951875
00013_00.wav,2,171.58878125,172.54875
00012_00.wav,2,176.40953125,177.5495
00024_00.wav,4,4.36528125,5.07025
00043_00.wav,2,8.40765625,9.802625
00043_00.wav,2,14.42046875,15.8154375
00033_00.wav,2,20.93171875,21.9146875
00042_00.wav,4,26.2586875,28.89365625
00029_00.wav,4,33.6015625,34.09153125
00008_00.wav,2,38.422375,39.39334375
00007_00.wav,2,43.5195,44.67446875
00049_00.wav,4,49.756375,55.98034375
00039_00.wav,2,60.83646875,62.5964375
00003_00.wav,4,66.6115,67.43546875
00002_00.wav,4,72.60159375,73.6985625
00007_00.wav,4,79.19265625,79.988625
00036_00.wav,4,83.57653125,84.7865
00040_00.wav,4,90.15978125,90.87475
00017_00.wav,4,94.60815625,95.538125
00039_00.wav,2,99.08959375,100.8495625
00140_00.wav,3,104.35375,104.71271875
00041_00.wav,3,109.42453125,109.7705
00124_00.wav,3,115.2461875,115.53915625
00046_00.wav,4,121.1530625,123.11303125
00033_00.wav,4,127.12384375,127.8438125
00032_00.wav,4,131.87346875,132.6634375
00034_00.wav,2,138.3051875,140.22515625
00068_00.wav,3,145.1290625,145.61903125
00059_00.wav,2,149.11134375,154.1913125
00032_00.wav,3,158.77878125,159.32675
00032_00.wav,3,162.9223125,163.47028125
00030_00.wav,2,167.71565625,168.532625
00042_00.wav,3,172.4141875,172.70315625
00005_00.wav,4,176.188,179.40096875
00046_00.wav,4,4.256125,6.21609375
00042_00.wav,4,11.441625,14.07659375
00010_00.wav,4,18.40090625,19.859875
00053_00.wav,2,25.21475,26.20871875
00018_00.wav,2,30.22153125,31.2115
00023_00.wav,4,35.0153125,35.84028125
00147_00.wav,3,40.729625,41.11159375
00149_00.wav,3,45.64259375,46.0245625
00088_00.wav,3,50.7104375,51.05040625
00040_00.wav,4,55.093875,55.80884375
00149_00.wav,3,60.53109375,60.9130625
00007_00.wav,2,64.45571875,65.6106875
00048_00.wav,4,70.2629375,71.16190625
00110_00.wav,3,75.29446875,75.6314375
00007_00.wav,2,79.32609375,80.4810625
00031_00.wav,4,84.5785,85.67846875
00104_00.wav,3,89.957625,90.34059375
00040_00.wav,2,96.0051875,97.68015625
00116_00.wav,3,101.859625,102.21959375
00004_00.wav,4,107.65159375,108.6105625
00121_00.wav,3,111.9278125,112.24278125
00022_00.wav,4,115.5725625,116.71253125
00002_00.wav,2,121.09340625,122.038375
00047_00.wav,2,126.8578125,129.06778125
00057_00.wav,3,134.5451875,135.52615625
00040_00.wav,2,140.31475,141.98971875
00047_00.wav,2,146.645125,148.85509375
00047_00.wav,2,152.8734375,155.08340625
00061_00.wav,2,160.62709375,161.4850625
00031_00.wav,2,165.5909375,166.24490625
00084_00.wav,3,170.27571875,170.6356875
00066_00.wav,3,175.545125,175.92609375
00053_00.wav,2,5.20428125,6.19825
00039_00.wav,4,9.5038125,10.50678125
00040_00.wav,4,15.231,15.94596875
00031_00.wav,4,20.9178125,22.01778125
00040_00.wav,4,27.2834375,27.99840625
00049_00.wav,3,33.008375,33.39834375
00083_00.wav,3,37.77996875,38.2049375
00018_00.wav,2,41.6683125,42.65828125
00031_00.wav,4,46.54434375,47.6443125
00046_00.wav,4,51.56321875,53.5231875
00021_00.wav,4,56.8995625,57.65453125
00024_00.wav,4,63.29875,64.00371875
00034_00.wav,2,68.69753125,70.6175
00029_00.wav,4,75.265,75.75496875
00030_00.wav,4,79.594625,81.54459375
00011_00.wav,2,86.8124375,87.56540625
00033_00.wav,4,92.5026875,93.22265625
00018_00.wav,2,97.75071875,98.7406875
00005_00.wav,2,104.25671875,105.0366875
00027_00.wav,3,110.065,110.42596875
00029_00.wav,2,114.722875,115.66484375
00007_00.wav,4,120.53375,121.32971875
00014_00.wav,3,125.1903125,125.70228125
00044_00.wav,4,131.1930625,132.91303125
00032_00.wav,4,137.19025,137.98021875
00038_00.wav,2,141.91503125,143.18
00156_00.wav,3,147.080125,147.41709375
00026_00.wav,2,152.546,153.73096875
00042_00.wav,4,159.31309375,161.9480625
00006_00.wav,2,167.369,168.17896875
00030_00.wav,4,171.72003125,173.67
00102_00.wav,3,177.96828125,178.39525
00113_00.wav,3,3.6905625,4.07353125
00015_00.wav,3,8.45921875,8.8781875
00141_00.wav,3,13.44471875,13.8046875
00083_00.wav,3,19.20271875,19.6276875
00029_00.wav,2,24.40371875,25.3456875
00025_00.wav,2,30.24165625,32.573625
00006_00.wav,3,36.42971875,37.2426875
00054_00.wav,2,40.62515625,41.890125
00015_00.wav,3,46.46603125,46.885
00038_00.wav,2,51.225,52.48996875
00010_00.wav,4,56.8838125,58.34278125
00029_00.wav,2,63.1660625,64.10803125
00027_00.wav,2,69.5539375,70.61390625
00044_00.wav,4,74.600625,76.32059375
00025_00.wav,3,80.83090625,81.612875
00010_00.wav,2,85.431875,87.37884375
00014_00.wav,3,91.67946875,92.1914375
00006_00.wav,2,97.47209375,98.2820625
00019_00.wav,4,102.08765625,103.159625
00030_00.wav,2,107.28540625,108.102375
00156_00.wav,3,112.6841875,113.02115625
00018_00.wav,2,117.72753125,118.7175
00011_00.wav,3,124.00109375,124.4840625
00149_00.wav,3,128.6135625,128.99553125
00049_00.wav,2,133.33165625,134.838625
00035_00.wav,3,139.44203125,139.773
00031_00.wav,2,144.23196875,144.8859375
00025_00.wav,4,149.9520625,150.92203125
00038_00.wav,2,154.576125,155.84109375
00008_00.wav,3,161.10521875,161.9001875
00048_00.wav,2,165.795375,167.38834375
00007_00.wav,2,172.55275,173.70771875
00136_00.wav,3,178.132125,178.51409375
00032_00.wav,2,4.5141875,5.45115625
00032_00.wav,2,9.20328125,10.14025
00040_00.wav,2,14.29234375,15.9673125
00075_00.wav,3,19.34521875,19.6331875
00055_00.wav,2,22.985375,23.80434375
00011_00.wav,3,27.89184375,28.3748125
00045_00.wav,3,33.30778125,33.62475
00046_00.wav,3,38.485375,38.88934375
00048_00.wav,4,44.085125,44.98409375
00091_00.wav,3,48.71575,49.09871875
00025_00.wav,2,53.4476875,55.77965625
00081_00.wav,3,60.71925,61.29221875
00039_00.wav,4,65.86203125,66.865
00158_00.wav,3,71.9015625,72.34653125
00008_00.wav,4,76.35803125,77.182
00044_00.wav,4,81.45696875,83.1769375
00122_00.wav,3,86.9364375,87.27340625
00045_00.wav,3,91.9486875,92.26565625
00003_00.wav,2,96.9539375,98.93390625
00024_00.wav,4,104.42128125,105.12625
00027_00.wav,4,108.68540625,109.593375
00031_00.wav,2,113.8846875,114.53865625
00086_00.wav,3,119.67196875,120.1869375
00017_00.wav,4,124.562875,125.49284375
00152_00.wav,3,130.1616875,130.61165625
00010_00.wav,2,134.64234375,136.5893125
00047_00.wav,2,139.97065625,142.180625
00046_00.wav,4,147.3209375,149.28090625
00057_00.wav,2,153.78165625,154.843625
00051_00.wav,3,158.96128125,159.35025
00088_00.wav,3,163.3870625,163.72703125
00046_00.wav,4,167.8525,169.81246875
00019_00.wav,4,173.4493125,174.52128125
00055_00.wav,2,5.49484375,6.3138125
00011_00.wav,3,10.0260625,10.50903125
00048_00.wav,4,14.64009375,15.5390625
00053_00.wav,2,18.8926875,19.88665625
00008_00.wav,3,24.94903125,25.744
00005_00.wav,4,30.80678125,34.01975
00038_00.wav,2,37.5709375,38.83590625
00011_00.wav,2,44.12725,44.88021875
00033_00.wav,4,48.91425,49.63421875
00047_00.wav,3,53.16690625,53.555875
00061_00.wav,2,56.9873125,57.84528125
00019_00.wav,4,63.153,64.22496875
00003_00.wav,4,67.6815,68.50546875
00068_00.wav,3,73.53821875,74.0281875
00062_00.wav,3,79.3264375,79.773375
00047_00.wav,2,83.399375,85.60934375
00050_00.wav,2,90.36221875,91.7561875
00012_00.wav,2,95.05825,96.19821875
00019_00.wav,2,100.67090625,101.850875
00042_00.wav,4,105.66740625,108.302375
00046_00.wav,4,113.67746875,115.6374375
00065_00.wav,3,119.68478125,120.16075
00156_00.wav,3,123.93471875,124.2716875
00098_00.wav,3,128.6074375,129.03740625
00046_00.wav,4,133.80859375,135.7685625
00027_00.wav,2,139.1973125,140.25728125
00011_00.wav,2,143.9975625,144.75053125
00023_00.wav,4,148.069625,148.89459375
00149_00.wav,3,152.489875,152.87184375
00007_00.wav,2,157.4649375,158.61990625
00058_00.wav,2,162.54771875,166.2276875
00038_00.wav,2,171.154125,172.41909375
00019_00.wav,4,177.72446875,178.7964375
00023_00.wav,4,5.3133125,6.13828125
00027_00.wav,2,10.9610625,12.02103125
00122_00.wav,3,16.4739375,16.81090625
00027_00.wav,2,21.11234375,22.1723125
00006_00.wav,4,26.29525,27.06521875
00003_00.wav,3,32.454375,33.20434375
00022_00.wav,4,37.1908125,38.33078125
00008_00.wav,2,42.32484375,43.2958125
00013_00.wav,3,47.79634375,48.3723125
00121_00.wav,3,53.2610625,53.57603125
00114_00.wav,3,57.377,57.69096875
00106_00.wav,3,61.78184375,62.1638125
00043_00.wav,2,65.70984375,67.1048125
00107_00.wav,3,70.56771875,70.9956875
00019_00.wav,3,74.88621875,75.4881875
00044_00.wav,4,80.3449375,82.06490625
00016_00.wav,3,87.43625,87.88621875
00044_00.wav,4,91.22975,92.94971875
00058_00.wav,2,97.57753125,101.2575
00046_00.wav,4,105.95025,107.91021875
00043_00.wav,4,113.0210625,114.35103125
00062_00.wav,3,119.25703125,119.70396875
00056_00.wav,2,123.66684375,124.3208125
00046_00.wav,4,127.74315625,129.703125
00006_00.wav,4,134.7715,135.54146875
00003_00.wav,3,140.35140625,141.101375
00008_00.wav,4,144.73078125,145.55475
00135_00.wav,3,151.02953125,151.3665
00007_00.wav,3,155.09928125,155.93625
00019_00.wav,4,160.663,161.73496875
00035_00.wav,3,165.79365625,166.124625
00075_00.wav,3,170.12421875,170.4121875
00059_00.wav,2,174.9543125,180.03428125
00033_00.wav,4,5.20090625,5.920875
00083_00.wav,3,9.8754375,10.30040625
00048_00.wav,2,14.02575,15.61871875
00040_00.wav,3,20.25153125,20.5395
00001_00.wav,4,23.99984375,25.0998125
00028_00.wav,2,29.30571875,30.2856875
00116_00.wav,3,33.6314375,33.99140625
00136_00.wav,3,38.750125,39.13209375
00044_00.wav,3,42.57834375,42.8813125
00014_00.wav,2,46.29796875,51.7479375
00010_00.wav,2,55.2864375,57.23340625
00139_00.wav,3,61.63159375,61.9465625
00051_00.wav,3,67.50534375,67.8943125
00034_00.wav,4,73.39546875,74.5224375
00058_00.wav,3,78.5473125,78.90728125
00072_00.wav,3,84.0558125,84.53178125
00108_00.wav,3,89.90103125,90.373
00156_00.wav,3,95.90096875,96.2379375
00089_00.wav,3,99.99778125,100.37775
00056_00.wav,2,105.3073125,105.96128125
00040_00.wav,4,109.26515625,109.980125
00110_00.wav,3,114.60884375,114.9458125
00007_00.wav,4,119.526,120.32196875
00020_00.wav,2,125.34025,125.91821875
00029_00.wav,2,131.5166875,132.45865625
00059_00.wav,2,137.4701875,142.55015625
00044_00.wav,3,147.35925,147.66221875
00124_00.wav,3,152.78834375,153.0813125
00054_00.wav,2,157.18121875,158.4461875
00040_00.wav,4,162.136,162.85096875
00032_00.wav,4,166.57215625,167.362125
00034_00.wav,4,172.6681875,173.79515625
00004_00.wav,2,178.6223125,179.62228125
00026_00.wav,2,3.78121875,4.9661875
00063_00.wav,2,9.76378125,11.43575
00057_00.wav,3,15.20253125,16.1835
00053_00.wav,2,21.0305,22.02446875
00042_00.wav,4,27.04615625,29.681125
00043_00.wav,4,33.03609375,34.3660625
00089_00.wav,3,38.98971875,39.3696875
00024_00.wav,4,43.00771875,43.7126875
00071_00.wav,3,47.94425,48.40621875
00054_00.wav,2,53.39925,54.66421875
00023_00.wav,3,58.86303125,59.633
00004_00.wav,3,63.1245,63.73946875
00149_00.wav,3,67.86484375,68.2468125
00144_00.wav,3,72.57046875,72.9074375
00043_00.wav,4,77.45146875,78.7814375
00031_00.wav,3,84.1416875,84.66965625
00058_00.wav,2,89.3418125,93.02178125
00029_00.wav,2,96.38590625,97.327875
00028_00.wav,2,103.0195,103.99946875
00009_00.wav,2,108.68353125,109.7375
00008_00.wav,4,114.1195,114.94346875
00047_00.wav,2,120.63984375,122.8498125
00025_00.wav,2,127.35396875,129.6859375
00020_00.wav,2,135.13446875,135.7124375
00067_00.wav,3,139.8143125,140.39128125
00049_00.wav,4,144.4379375,150.66190625
00116_00.wav,3,155.33890625,155.698875
00041_00.wav,2,160.05253125,162.4625
00036_00.wav,4,167.17484375,168.3848125
00047_00.wav,3,173.4181875,173.80715625
00014_00.wav,3,178.6198125,179.13178125
00032_00.wav,4,3.61059375,4.4005625
00152_00.wav,3,9.824625,10.27459375
00056_00.wav,3,14.304875,14.59384375
00022_00.wav,4,18.0404375,19.18040625
00043_00.wav,2,24.83425,26.22921875
00047_00.wav,2,30.82640625,33.036375
00031_00.wav,2,37.05715625,37.711125
00036_00.wav,4,42.63878125,43.84875
00027_00.wav,4,48.8243125,49.73228125
00029_00.wav,4,53.84678125,54.33675
00022_00.wav,4,57.73628125,58.87625
00020_00.wav,2,63.8146875,64.39265625
00032_00.wav,2,69.95634375,70.8933125
00061_00.wav,2,76.1878125,77.04578125
00045_00.wav,3,81.6496875,81.96665625
00050_00.wav,2,85.33771875,86.7316875
00025_00.wav,2,92.142625,94.47459375
00058_00.wav,3,99.93003125,100.29
00024_00.wav,4,105.81740625,106.522375
00041_00.wav,3,111.45384375,111.7998125
00029_00.wav,2,116.567625,117.50959375
00103_00.wav,3,121.396,121.75496875
00007_00.wav,2,126.10196875,127.2569375
00070_00.wav,3,130.88590625,131.304875
00043_00.wav,2,135.73534375,137.1303125
00075_00.wav,3,141.9404375,142.22840625
00020_00.wav,2,147.3623125,147.94028125
00012_00.wav,4,152.55171875,153.6236875
00058_00.wav,2,157.73059375,161.4105625
00025_00.wav,2,165.5821875,167.91415625
00104_00.wav,3,173.19384375,173.5768125
00003_00.wav,4,179.21346875,180.0374375
00104_00.wav,3,3.721125,4.10409375
00065_00.wav,3,9.1773125,9.65328125
00046_00.wav,3,13.72778125,14.13175
00009_00.wav,2,18.256375,19.31034375
00020_00.wav,3,23.8499375,24.50990625
00055_00.wav,2,29.17865625,29.997625
00124_00.wav,3,34.79884375,35.0918125
00045_00.wav,3,39.95996875,40.2769375
00008_00.wav,3,43.6015625,44.39653125
00040_00.wav,4,48.68215625,49.397125
00042_00.wav,4,54.63715625,57.272125
00017_00.wav,4,62.0560625,62.98603125
00001_00.wav,4,67.552625,68.65259375
00150_00.wav,3,73.43159375,73.8595625
00038_00.wav,2,77.39309375,78.6580625
00006_00.wav,4,82.123125,82.89309375
00017_00.wav,4,87.63378125,88.56375
00057_00.wav,2,93.83115625,94.893125
00051_00.wav,3,98.89115625,99.280125
00025_00.wav,4,104.887,105.85696875
00124_00.wav,3,110.82515625,111.118125
00012_00.wav,4,116.7314375,117.80340625
00009_00.wav,3,122.47703125,123.037
00003_00.wav,4,126.48815625,127.312125
00041_00.wav,3,131.88165625,132.227625
00031_00.wav,2,136.214125,136.86809375
00037_00.wav,3,140.60896875,140.9259375
00147_00.wav,3,145.7109375,146.09290625
00003_00.wav,4,150.21925,151.04321875
00091_00.wav,3,156.5883125,156.97128125
00053_00.wav,2,161.8596875,162.85365625
00013_00.wav,4,166.50078125,167.65075
00021_00.wav,3,172.690625,173.34559375
00046_00.wav,3,176.8641875,177.26815625
00010_00.wav,4,4.50996875,5.9689375
00021_00.wav,4,10.682375,11.43734375
00048_00.wav,2,17.00303125,18.596
00021_00.wav,4,23.8810625,24.63603125
00067_00.wav,3,30.11625,30.69321875
00066_00.wav,3,35.85790625,36.238875
00003_00.wav,2,40.79,42.76996875
00002_00.wav,2,46.5674375,47.51240625
00100_00.wav,3,52.67125,52.98621875
00081_00.wav,3,57.37203125,57.945
00040_00.wav,4,62.23146875,62.9464375
00048_00.wav,3,66.7753125,67.15028125
00029_00.wav,4,72.5413125,73.03128125
00027_00.wav,2,76.55284375,77.6128125
00027_00.wav,4,82.51003125,83.418
00047_00.wav,3,88.96459375,89.3535625
00066_00.wav,3,93.19209375,93.5730625
00039_00.wav,4,98.986375,99.98934375
00031_00.wav,2,104.6620625,105.31603125
00003_00.wav,4,109.58909375,110.4130625
00007_00.wav,2,116.0236875,117.17865625
00005_00.wav,4,120.982125,124.19509375
00061_00.wav,2,129.160875,130.01884375
00022_00.wav,4,134.9869375,136.12690625
00122_00.wav,3,140.40403125,140.741
00029_00.wav,2,145.2240625,146.16603125
00010_00.wav,2,150.11353125,152.0605
00033_00.wav,4,157.69790625,158.417875
00013_00.wav,4,162.18728125,163.33725
00005_00.wav,4,168.0794375,171.29240625
00126_00.wav,3,175.7905625,176.06053125
00010_00.wav,4,179.9289375,181.38790625
00051_00.wav,3,3.97734375,4.3663125
00072_00.wav,3,9.6975,10.17346875
00033_00.wav,2,14.7458125,15.72878125
00113_00.wav,3,20.5676875,20.95065625
00086_00.wav,3,24.41646875,24.9314375
00025_00.wav,4,29.92575,30.89571875
00023_00.wav,3,35.54721875,36.3171875
00048_00.wav,4,39.8469375,40.74590625
00008_00.wav,4,45.607625,46.43159375
00098_00.wav,3,51.8319375,52.26190625
00010_00.wav,2,56.14975,58.09671875
00024_00.wav,2,62.9246875,65.00265625
00008_00.wav,4,70.07796875,70.9019375
00040_00.wav,4,76.13759375,76.8525625
00122_00.wav,3,81.8578125,82.19478125
00019_00.wav,4,85.5544375,86.62640625
00004_00.wav,2,91.57303125,92.573
00054_00.wav,2,97.0335,98.29846875
00017_00.wav,4,102.985125,103.91509375
00017_00.wav,4,109.02365625,109.953625
00024_00.wav,4,115.11565625,115.820625
00013_00.wav,2,119.358625,120.31859375
00012_00.wav,4,125.9085625,126.98053125
00024_00.wav,2,130.64675,132.72471875
00030_00.wav,4,137.98759375,139.9375625
00055_00.wav,3,144.48534375,144.8743125
00018_00.wav,2,149.4423125,150.43228125
00024_00.wav,2,154.9104375,156.98840625
00026_00.wav,3,162.53596875,163.2719375
00147_00.wav,3,167.2679375,167.64990625
00028_00.wav,2,173.00353125,173.9835
00023_00.wav,4,177.92759375,178.7525625
00013_00.wav,4,5.01740625,6.167375
00048_00.wav,2,10.791125,12.38409375
00006_00.wav,4,17.936625,18.70659375
00026_00.wav,2,23.935625,25.12059375
00032_00.wav,3,29.12221875,29.6701875
00006_00.wav,2,33.16375,33.97371875
00013_00.wav,3,38.13525,38.71121875
00089_00.wav,3,42.5805625,42.96053125
00019_00.wav,2,47.19153125,48.3715
00034_00.wav,2,52.59996875,54.5199375
00009_00.wav,3,59.18471875,59.7446875
00013_00.wav,4,63.22925,64.37921875
00019_00.wav,2,69.10709375,70.2870625
00009_00.wav,2,74.35609375,75.4100625
00034_00.wav,4,78.909875,80.03684375
00042_00.wav,3,84.7371875,85.02615625
00104_00.wav,3,89.57996875,89.9629375
00029_00.wav,4,94.49446875,94.9844375
00003_00.wav,3,98.35628125,99.10625
00029_00.wav,2,102.68309375,103.6250625
00019_00.wav,4,107.581875,108.65384375
00006_00.wav,4,113.8945625,114.66453125
00076_00.wav,3,118.5759375,118.84990625
00011_00.wav,2,124.3841875,125.13715625
00004_00.wav,4,128.75140625,129.710375
00007_00.wav,3,133.8564375,134.69340625
00132_00.wav,3,138.8861875,139.22315625
00001_00.wav,3,143.02571875,143.6916875
00025_00.wav,4,149.3175,150.28746875
00049_00.wav,4,153.69475,159.91871875
00023_00.wav,4,163.4340625,164.25903125
00003_00.wav,4,168.12221875,168.9461875
00056_00.wav,2,174.51225,175.16621875
00046_00.wav,4,4.490625,6.45059375
00111_00.wav,3,11.35690625,11.783875
00004_00.wav,2,17.1695,18.16946875
00021_00.wav,4,23.14034375,23.8953125
00019_00.wav,2,27.4645625,28.64453125
00157_00.wav,3,33.83503125,34.262
00027_00.wav,3,38.4093125,38.77028125
00019_00.wav,3,42.656375,43.25834375
00095_00.wav,3,47.12553125,47.5545
00035_00.wav,4,51.77434375,53.5543125
00111_00.wav,3,57.955875,58.38284375
00043_00.wav,4,63.5616875,64.89165625
00108_00.wav,3,69.91609375,70.3880625
00070_00.wav,3,75.127875,75.54684375
00001_00.wav,4,79.23309375,80.3330625
00043_00.wav,4,85.65215625,86.982125
00018_00.wav,2,90.976125,91.96609375
00035_00.wav,3,96.534875,96.86584375
00029_00.wav,2,100.71275,101.65471875
00003_00.wav,4,105.4258125,106.24978125
00038_00.wav,2,110.85471875,112.1196875
00022_00.wav,4,116.25996875,117.3999375
00053_00.wav,2,121.77259375,122.7665625
00056_00.wav,2,127.69640625,128.350375
00040_00.wav,4,133.66634375,134.3813125
00013_00.wav,4,138.73825,139.88821875
00147_00.wav,3,143.3623125,143.74428125
00049_00.wav,3,148.79040625,149.180375
00048_00.wav,4,153.94790625,154.846875
00027_00.wav,2,158.47434375,159.5343125
00025_00.wav,2,163.56153125,165.8935
00108_00.wav,3,169.467125,169.93909375
00050_00.wav,2,175.57890625,176.972875
00028_00.wav,2,4.49471875,5.4746875
00007_00.wav,4,11.09159375,11.8875625
00061_00.wav,2,17.216625,18.07459375
00066_00.wav,3,22.75203125,23.133
00002_00.wav,2,28.51209375,29.4570625
00047_00.wav,2,34.95034375,37.1603125
00054_00.wav,2,41.555875,42.82084375
00043_00.wav,4,47.58225,48.91221875
00037_00.wav,3,52.25834375,52.5753125
00002_00.wav,4,56.70890625,57.805875
00010_00.wav,4,62.23146875,63.6904375
00006_00.wav,2,68.0458125,68.85578125
00065_00.wav,3,73.91125,74.38721875
00014_00.wav,2,80.0010625,85.45103125
00046_00.wav,4,90.4223125,92.38228125
00031_00.wav,2,97.179625,97.83359375
00018_00.wav,2,103.489125,104.47909375
00043_00.wav,4,109.5355625,110.86553125
00125_00.wav,3,116.17721875,116.5141875
00035_00.wav,4,122.03328125,123.81325
00047_00.wav,2,128.57646875,130.7864375
00058_00.wav,3,134.23665625,134.596625
00044_00.wav,4,139.4096875,141.12965625
00007_00.wav,3,145.528125,146.36509375
00030_00.wav,4,150.059875,152.00984375
00032_00.wav,4,156.93565625,157.725625
00055_00.wav,2,161.33034375,162.1493125
00031_00.wav,4,166.47378125,167.57375
00004_00.wav,4,172.76871875,173.7276875
00003_00.wav,3,178.1915,178.94146875
00032_00.wav,4,4.694625,5.48459375
00033_00.wav,4,8.8346875,9.55465625
00036_00.wav,4,14.7753125,15.98528125
00106_00.wav,3,20.989125,21.37109375
00048_00.wav,2,26.2259375,27.81890625
00058_00.wav,2,31.9309375,35.61090625
00006_00.wav,2,39.0215,39.83146875
00030_00.wav,4,44.77253125,46.7225
00026_00.wav,3,51.12071875,51.8566875
00150_00.wav,3,57.152625,57.58059375
00055_00.wav,2,61.00515625,61.824125
00023_00.wav,4,66.96321875,67.7881875
00025_00.wav,4,71.86171875,72.8316875
00086_00.wav,3,77.08565625,77.600625
00001_00.wav,4,82.1504375,83.25040625
00011_00.wav,3,88.19109375,88.6740625
00005_00.wav,4,93.50234375,96.7153125
00058_00.wav,2,101.21846875,104.8984375
00021_00.wav,4,108.6985,109.45346875
00058_00.wav,3,114.06578125,114.42575
00005_00.wav,4,119.95409375,123.1670625
00007_00.wav,3,127.305,128.14196875
00072_00.wav,3,131.58459375,132.0605625
00033_00.wav,4,135.4516875,136.17165625
00004_00.wav,4,139.760625,140.71959375
00012_00.wav,2,146.312,147.45196875
00002_00.wav,2,152.9216875,153.86665625
00031_00.wav,4,159.48678125,160.58675
00012_00.wav,4,164.63284375,165.7048125
00010_00.wav,4,170.0793125,171.53828125
00049_00.wav,4,176.418375,182.64234375
00003_00.wav,4,4.37390625,5.197875
00062_00.wav,3,9.56071875,10.00765625
00047_00.wav,2,13.3373125,15.54728125
00006_00.wav,3,20.83415625,21.647125
00025_00.wav,4,27.31684375,28.2868125
00116_00.wav,3,31.59096875,31.9509375
00033_00.wav,4,37.08521875,37.8051875
00006_00.wav,4,43.11609375,43.8860625
00098_00.wav,3,47.79990625,48.229875
00047_00.wav,2,51.88290625,54.092875
00001_00.wav,4,59.18696875,60.2869375
00031_00.wav,2,63.67840625,64.332375
00039_00.wav,4,68.447,69.44996875
00008_00.wav,4,73.511875,74.33584375
00012_00.wav,4,79.62659375,80.6985625
00083_00.wav,3,85.10075,85.52571875
00009_00.wav,2,89.017,90.07096875
00111_00.wav,3,94.28009375,94.7070625
00003_00.wav,3,98.87546875,99.6254375
00020_00.wav,2,104.05409375,104.6320625
00038_00.wav,2,109.6283125,110.89328125
00004_00.wav,4,114.26475,115.22371875
00017_00.wav,4,119.60259375,120.5325625
00048_00.wav,4,124.252125,125.15109375
00005_00.wav,2,128.9823125,129.76228125
00104_00.wav,3,133.191625,133.57459375
00014_00.wav,2,139.0596875,144.50965625
00125_00.wav,3,148.507875,148.84484375
00116_00.wav,3,152.94790625,153.307875
00012_00.wav,4,157.00096875,158.0729375
00040_00.wav,2,161.55140625,163.226375
00002_00.wav,4,167.33184375,168.4288125
00043_00.wav,4,173.207375,174.53734375
00043_00.wav,2,178.2550625,179.65003125
00009_00.wav,3,3.44534375,4.0053125
00111_00.wav,3,7.57546875,8.0024375
00028_00.wav,2,13.354,14.33396875
00040_00.wav,4,19.71290625,20.427875
00017_00.wav,4,24.965875,25.89584375
00010_00.wav,2,31.59496875,33.5419375
00057_00.wav,3,37.6220625,38.60303125
00044_00.wav,3,43.657875,43.96084375
00005_00.wav,4,47.73271875,50.9456875
00006_00.wav,2,54.56828125,55.37825
00100_00.wav,3,60.30921875,60.6241875
00104_00.wav,3,64.77409375,65.1570625
00003_00.wav,4,70.5416875,71.36565625
00007_00.wav,4,75.2279375,76.02390625
00121_00.wav,3,79.8673125,80.18228125
00063_00.wav,2,85.6535,87.32546875
00042_00.wav,4,90.78534375,93.4203125
00006_00.wav,4,97.986,98.75596875
00040_00.wav,3,103.3310625,103.61903125
00043_00.wav,2,107.86725,109.26221875
00001_00.wav,4,113.81734375,114.9173125
00014_00.wav,3,119.14425,119.65621875
00061_00.wav,3,123.290375,123.75234375
00005_00.wav,2,128.8320625,129.61203125
00024_00.wav,4,134.60475,135.30971875
00106_00.wav,3,139.074125,139.45609375
00030_00.wav,4,143.39915625,145.349125
00036_00.wav,4,148.70096875,149.9109375
00056_00.wav,2,155.43665625,156.090625
00007_00.wav,3,160.39025,161.22721875
00052_00.wav,2,166.0843125,166.97428125
00043_00.wav,4,172.40675,173.73671875
00046_00.wav,3,177.18525,177.58921875
00039_00.wav,2,4.65325,6.41321875
00029_00.wav,4,9.89575,10.38571875
00041_00.wav,2,15.9205625,18.33053125
00074_00.wav,3,22.598,22.90096875
00031_00.wav,2,26.770125,27.42409375
00081_00.wav,3,31.33746875,31.9104375
00007_00.wav,4,35.27359375,36.0695625
00030_00.wav,4,40.9210625,42.87103125
00076_00.wav,3,46.44578125,46.71975
00042_00.wav,4,52.15303125,54.788
00151_00.wav,3,60.15484375,60.6038125
00135_00.wav,3,65.98421875,66.3211875
00004_00.wav,2,70.3059375,71.30590625
00017_00.wav,4,76.38178125,77.31175
00076_00.wav,3,81.68159375,81.9555625
00045_00.wav,3,85.37153125,85.6885
00128_00.wav,3,89.06465625,89.405625
00041_00.wav,2,92.76596875,95.1759375
00004_00.wav,2,99.01009375,100.0100625
00011_00.wav,2,103.4531875,104.20615625
00023_00.wav,4,109.8699375,110.69490625
00013_00.wav,2,116.16421875,117.1241875
00124_00.wav,3,122.09575,122.38871875
00026_00.wav,2,127.7178125,128.90278125
00039_00.wav,4,133.38884375,134.3918125
00030_00.wav,2,139.48671875,140.3036875
00024_00.wav,2,145.394,147.47196875
00015_00.wav,3,150.9255625,151.34453125
00006_00.wav,4,157.0111875,157.78115625
00038_00.wav,2,161.2958125,162.56078125
00009_00.wav,2,168.07,169.12396875
00109_00.wav,3,173.0918125,173.56478125
00061_00.wav,3,178.4149375,178.87690625
00025_00.wav,4,5.59971875,6.5696875
00038_00.wav,2,11.1295,12.39446875
00002_00.wav,4,16.01390625,17.110875
00027_00.wav,4,21.77096875,22.6789375
00002_00.wav,4,27.6794375,28.77640625
00068_00.wav,3,32.48428125,32.97425
00128_00.wav,3,38.5043125,38.84528125
00025_00.wav,2,43.5765625,45.90853125
00045_00.wav,3,51.1251875,51.44215625
00002_00.wav,3,56.803,57.26996875
00061_00.wav,2,62.09425,62.95221875
00128_00.wav,3,67.47840625,67.819375
00158_00.wav,3,71.30753125,71.7525
00099_00.wav,3,77.34678125,77.79575
00027_00.wav,4,82.6450625,83.55303125
00046_00.wav,4,87.48871875,89.4486875
00048_00.wav,2,94.30396875,95.8969375
00057_00.wav,2,100.232625,101.29459375
00001_00.wav,4,104.69446875,105.7944375
00038_00.wav,2,110.55065625,111.815625
00031_00.wav,4,116.45196875,117.5519375
00011_00.wav,2,121.9540625,122.70703125
00086_00.wav,3,126.50340625,127.018375
00033_00.wav,4,131.35575,132.07571875
00033_00.wav,4,136.9066875,137.62665625
00003_00.wav,4,142.12571875,142.9496875
00006_00.wav,2,148.07465625,148.884625
00056_00.wav,2,152.211875,152.86584375
00100_00.wav,3,157.79321875,158.1081875
00020_00.wav,2,161.7660625,162.34403125
00139_00.wav,3,167.889,168.20396875
00045_00.wav,3,172.06359375,172.3805625
00081_00.wav,3,177.08240625,177.655375
00001_00.wav,4,3.5608125,4.66078125
00125_00.wav,3,8.23178125,8.56875
00031_00.wav,4,14.1406875,15.24065625
00030_00.wav,2,20.85396875,21.6709375
00012_00.wav,4,27.06584375,28.1378125
00019_00.wav,2,32.04925,33.22921875
00035_00.wav,4,37.97721875,39.7571875
00061_00.wav,2,44.03021875,44.8881875
00027_00.wav,3,49.38790625,49.748875
00063_00.wav,2,53.76353125,55.4355
00025_00.wav,2,59.18375,61.51571875
00022_00.wav,4,65.22671875,66.3666875
00043_00.wav,2,69.90971875,71.3046875
00020_00.wav,3,76.82946875,77.4894375
00039_00.wav,4,82.7276875,83.73065625
00055_00.wav,3,88.3656875,88.75465625
00030_00.wav,3,93.7011875,94.03915625
00049_00.wav,2,97.61578125,99.12275
00048_00.wav,4,102.4775,103.37646875
00121_00.wav,3,107.36578125,107.68075
00028_00.wav,2,112.47465625,113.454625
00046_00.wav,4,117.57915625,119.539125
00049_00.wav,2,124.5273125,126.03428125
00063_00.wav,2,129.35159375,131.0235625
00014_00.wav,2,135.48553125,140.9355
00016_00.wav,3,145.56228125,146.01225
00013_00.wav,2,150.48615625,151.446125
00030_00.wav,2,155.36859375,156.1855625
00004_00.wav,3,160.00590625,160.620875
00057_00.wav,2,163.98909375,165.0510625
00033_00.wav,2,168.36496875,169.3479375
00034_00.wav,2,174.16275,176.08271875
00039_00.wav,2,4.5506875,6.31065625
00010_00.wav,2,11.93953125,13.8865
00029_00.wav,4,19.02346875,19.5134375
00023_00.wav,3,23.72796875,24.4979375
00036_00.wav,4,28.21096875,29.4209375
00013_00.wav,3,33.34975,33.92571875
00009_00.wav,2,39.00628125,40.06025
00006_00.wav,4,45.14621875,45.9161875
00130_00.wav,3,51.3345,51.69446875
00026_00.wav,3,56.0095,56.74546875
00013_00.wav,2,61.86534375,62.8253125
00020_00.wav,3,67.43665625,68.096625
00017_00.wav,4,71.7130625,72.64303125
00061_00.wav,2,77.26875,78.12671875
00006_00.wav,4,83.57971875,84.3496875
00063_00.wav,2,89.91909375,91.5910625
00030_00.wav,4,95.564625,97.51459375
00048_00.wav,3,103.17575,103.55071875
00006_00.wav,2,107.31209375,108.1220625
00032_00.wav,4,112.652,113.44196875
00002_00.wav,4,117.3531875,118.45015625
00027_00.wav,4,123.86603125,124.774
00045_00.wav,3,129.560125,129.87709375
00004_00.wav,4,134.93384375,135.8928125
00017_00.wav,4,141.53459375,142.4645625
00063_00.wav,2,147.672125,149.34409375
00007_00.wav,4,153.6586875,154.45465625
00011_00.wav,2,158.46334375,159.2163125
00006_00.wav,2,162.60334375,163.4133125
00027_00.wav,2,167.3040625,168.36403125
00013_00.wav,4,173.32915625,174.479125
00041_00.wav,2,179.04403125,181.454
00010_00.wav,4,5.5978125,7.05678125
00005_00.wav,4,12.33096875,15.5439375
00031_00.wav,2,19.1606875,19.81465625
00005_00.wav,4,24.93796875,28.1509375
00055_00.wav,2,31.71215625,32.531125
00012_00.wav,4,36.9138125,37.98578125
00087_00.wav,3,41.759625,42.11959375
00044_00.wav,4,47.7190625,49.43903125
00043_00.wav,4,54.68878125,56.01875
00019_00.wav,2,59.98265625,61.162625
00003_00.wav,2,65.10703125,67.087
00013_00.wav,4,71.12521875,72.2751875
00054_00.wav,2,77.00034375,78.2653125
00024_00.wav,4,82.97475,83.67971875
00032_00.wav,4,88.41415625,89.204125
00004_00.wav,2,92.93515625,93.935125
00104_00.wav,3,98.740375,99.12334375
00084_00.wav,3,104.25765625,104.617625
00058_00.wav,2,109.38003125,113.06
00039_00.wav,2,117.69640625,119.456375
00034_00.wav,2,123.10509375,125.0250625
00031_00.wav,3,129.84953125,130.3775
00049_00.wav,2,133.9275625,135.43453125
00031_00.wav,4,139.23628125,140.33625
00014_00.wav,2,144.00109375,149.4510625
00042_00.wav,4,153.7103125,156.34528125
00044_00.wav,4,160.49003125,162.21
00010_00.wav,4,166.2145,167.67346875
00001_00.wav,4,172.651625,173.75159375
00051_00.wav,3,178.0465,178.43546875
00011_00.wav,2,3.8603125,4.61328125
00010_00.wav,4,8.78434375,10.2433125
00005_00.wav,4,14.38721875,17.6001875
00031_00.wav,2,23.12021875,23.7741875
00063_00.wav,2,28.0183125,29.69028125
00012_00.wav,4,33.62471875,34.6966875
00027_00.wav,3,38.25921875,38.6201875
00007_00.wav,2,42.10465625,43.259625
00010_00.wav,2,47.66796875,49.6149375
00010_00.wav,4,53.6056875,55.06465625
00024_00.wav,4,60.737125,61.44209375
00128_00.wav,3,65.24084375,65.5818125
00055_00.wav,2,70.3254375,71.14440625
00041_00.wav,3,75.42775,75.77371875
00007_00.wav,4,80.89384375,81.6898125
00002_00.wav,2,86.05140625,86.996375
00021_00.wav,4,90.82171875,91.5766875
00066_00.wav,3,95.487625,95.86859375
00054_00.wav,2,100.38171875,101.6466875
00042_00.wav,3,105.77603125,106.065
00044_00.wav,4,111.20265625,112.922625
00058_00.wav,2,118.6220625,122.30203125
00088_00.wav,3,126.07240625,126.412375
00011_00.wav,3,130.50971875,130.9926875
00004_00.wav,3,135.93240625,136.547375
00003_00.wav,2,140.53821875,142.5181875
00011_00.wav,2,146.9286875,147.68165625
00008_00.wav,2,151.80021875,152.7711875
00021_00.wav,4,157.04203125,157.797
00004_00.wav,4,163.0855,164.04446875
00039_00.wav,4,168.55690625,169.559875
00019_00.wav,4,174.94440625,176.016375
00031_00.wav,4,179.93278125,181.03275
00044_00.wav,4,3.663,5.38296875
00003_00.wav,4,9.40753125,10.2315
00025_00.wav,4,13.8368125,14.80678125
00032_00.wav,4,20.1614375,20.95140625
00052_00.wav,2,26.18190625,27.071875
00049_00.wav,2,31.19534375,32.7023125
00089_00.wav,3,37.855625,38.23559375
00122_00.wav,3,42.76196875,43.0989375
00012_00.wav,4,47.68475,48.75671875
00070_00.wav,3,53.95434375,54.3733125
00017_00.wav,4,59.9525625,60.88253125
00050_00.wav,2,64.54603125,65.94
00116_00.wav,3,71.51525,71.87521875
00042_00.wav,4,76.18696875,78.8219375
00012_00.wav,4,84.0370625,85.10903125
00012_00.wav,2,89.00965625,90.149625
00055_00.wav,3,95.01403125,95.403
00009_00.wav,2,100.7498125,101.80378125
00048_00.wav,4,106.406,107.30496875
00025_00.wav,4,110.8865,111.85646875
00003_00.wav,2,117.09153125,119.0715
00106_00.wav,3,123.49075,123.87271875
00023_00.wav,3,127.6943125,128.46428125
00028_00.wav,2,133.9058125,134.88578125
00023_00.wav,4,139.07584375,139.9008125
00048_00.wav,4,145.40859375,146.3075625
00034_00.wav,4,151.83725,152.96421875
00036_00.wav,4,158.3445,159.55446875
00046_00.wav,3,164.98525,165.38921875
00147_00.wav,3,168.974625,169.35659375
00031_00.wav,2,174.692,175.34596875
00029_00.wav,2,179.474375,180.41634375
00048_00.wav,2,5.22528125,6.81825
00028_00.wav,2,10.33253125,11.3125
00008_00.wav,3,14.73484375,15.5298125
00034_00.wav,2,20.2971875,22.21715625
00035_00.wav,4,27.44753125,29.2275
00035_00.wav,4,34.31646875,36.0964375
00027_00.wav,2,41.5476875,42.60765625
00039_00.wav,2,47.61384375,49.3738125
00003_00.wav,4,53.42490625,54.248875
00011_00.wav,2,57.57725,58.33021875
00035_00.wav,4,63.7970625,65.57703125
00029_00.wav,2,69.92675,70.86871875
00012_00.wav,2,75.15378125,76.29375
00029_00.wav,2,79.7659375,80.70790625
00123_00.wav,3,86.179,86.49396875
00005_00.wav,4,89.87375,93.08671875
00004_00.wav,3,98.32021875,98.9351875
00030_00.wav,4,103.3935,105.34346875
00021_00.wav,3,110.9821875,111.63715625
00017_00.wav,4,116.2125625,117.14253125
00011_00.wav,2,120.968875,121.72184375
00056_00.wav,3,126.669875,126.95884375
00152_00.wav,3,132.2645,132.71446875
00047_00.wav,3,138.0633125,138.45228125
00025_00.wav,3,142.36834375,143.1503125
00110_00.wav,3,146.4524375,146.78940625
00036_00.wav,4,150.61859375,151.8285625
00023_00.wav,4,156.74575,157.57071875
00141_00.wav,3,162.556375,162.91634375
00075_00.wav,3,167.42090625,167.708875
00076_00.wav,3,172.3910625,172.66503125
00020_00.wav,2,177.55484375,178.1328125
00040_00.wav,4,5.27296875,5.9879375
00106_00.wav,3,9.584375,9.96634375
00044_00.wav,4,14.92775,16.64771875
00049_00.wav,4,20.52309375,26.7470625
00031_00.wav,2,31.74590625,32.399875
00023_00.wav,3,36.95978125,37.72975
00053_00.wav,2,42.8794375,43.87340625
00005_00.wav,2,48.551625,49.33159375
00141_00.wav,3,53.13246875,53.4924375
00039_00.wav,4,57.504375,58.50734375
00026_00.wav,2,62.4921875,63.67715625
00058_00.wav,2,68.93778125,72.61775
00003_00.wav,4,77.20203125,78.026
00110_00.wav,3,82.18690625,82.523875
00013_00.wav,3,86.41175,86.98771875
00024_00.wav,2,91.35253125,93.4305
00039_00.wav,2,97.99303125,99.753
00042_00.wav,4,103.999875,106.63484375
00123_00.wav,3,110.64571875,110.9606875
00040_00.wav,4,115.9261875,116.64115625
00061_00.wav,2,121.106,121.96396875
00111_00.wav,3,126.64109375,127.0680625
00061_00.wav,3,130.8945625,131.35653125
00070_00.wav,3,135.3123125,135.73128125
00032_00.wav,2,140.99859375,141.9355625
00012_00.wav,2,147.541375,148.68134375
00103_00.wav,3,151.99821875,152.3571875
00035_00.wav,4,156.02090625,157.800875
00010_00.wav,4,163.00421875,164.4631875
00010_00.wav,4,167.93425,169.39321875
00043_00.wav,4,173.20340625,174.533375
00109_00.wav,3,178.10290625,178.575875
00035_00.wav,3,3.89165625,4.222625
00095_00.wav,3,8.149,8.57796875
00002_00.wav,4,13.27875,14.37571875
00001_00.wav,4,18.74615625,19.846125
00005_00.wav,2,24.83759375,25.6175625
00149_00.wav,3,29.47703125,29.859
00040_00.wav,2,35.1438125,36.81878125
00023_00.wav,4,40.28103125,41.106
00086_00.wav,3,46.52121875,47.0361875
00068_00.wav,3,50.421375,50.91134375
00018_00.wav,2,54.591,55.58096875
00020_00.wav,3,60.5786875,61.23865625
00079_00.wav,3,64.93103125,65.407
00043_00.wav,4,69.8350625,71.16503125
00057_00.wav,3,74.9750625,75.95603125
00003_00.wav,2,80.25896875,82.2389375
00054_00.wav,2,87.29134375,88.5563125
00052_00.wav,2,92.435625,93.32559375
00057_00.wav,2,98.9114375,99.97340625
00034_00.wav,2,104.31034375,106.2303125
00033_00.wav,2,110.3693125,111.35228125
00078_00.wav,3,115.8458125,116.46578125
00031_00.wav,2,121.41365625,122.067625
00076_00.wav,3,125.9840625,126.25803125
00016_00.wav,3,129.92375,130.37371875
00104_00.wav,3,134.56540625,134.948375
00042_00.wav,4,138.77196875,141.4069375
00013_00.wav,2,145.34959375,146.3095625
00055_00.wav,2,149.8221875,150.64115625
00096_00.wav,3,154.47815625,154.905125
00052_00.wav,2,159.4575625,160.34753125
00043_00.wav,4,164.15021875,165.4801875
00029_00.wav,4,170.93315625,171.423125
00046_00.wav,4,176.71415625,178.674125
00003_00.wav,2,3.7804375,5.76040625
00018_00.wav,2,10.8828125,11.87278125
00071_00.wav,3,16.573,17.03496875
00036_00.wav,4,20.91115625,22.121125
00056_00.wav,3,26.13953125,26.4285
00029_00.wav,2,31.94390625,32.885875
00072_00.wav,3,38.29484375,38.7708125
00029_00.wav,4,43.89484375,44.3848125
00048_00.wav,3,48.19778125,48.57275
00039_00.wav,2,52.6508125,54.41078125
00049_00.wav,3,59.12375,59.51371875
00027_00.wav,3,64.983,65.34396875
00087_00.wav,3,70.033625,70.39359375
00111_00.wav,3,74.61015625,75.037125
00033_00.wav,4,79.3239375,80.04390625
00132_00.wav,3,84.930375,85.26734375
00011_00.wav,3,90.4533125,90.93628125
00002_00.wav,4,95.4534375,96.55040625
00039_00.wav,4,102.0266875,103.02965625
00151_00.wav,3,106.9068125,107.35578125
00135_00.wav,3,111.69565625,112.032625
00028_00.wav,2,117.354,118.33396875
00035_00.wav,4,123.40540625,125.185375
00063_00.wav,2,128.941625,130.61359375
00030_00.wav,4,135.6435625,137.59353125
00036_00.wav,4,143.2675,144.47746875
00002_00.wav,2,148.9785,149.92346875
00057_00.wav,3,155.35725,156.33821875
00006_00.wav,3,159.78096875,160.5939375
00023_00.wav,3,163.89671875,164.6666875
00001_00.wav,4,169.269875,170.36984375
00047_00.wav,3,174.42453125,174.8135
00116_00.wav,3,179.60746875,179.9674375
00066_00.wav,3,3.8945,4.27546875
00025_00.wav,2,9.91290625,12.244875
00021_00.wav,3,16.99653125,17.6515
00095_00.wav,3,21.58115625,22.010125
00008_00.wav,2,27.63221875,28.6031875
00002_00.wav,2,32.299375,33.24434375
00034_00.wav,2,38.752875,40.67284375
00054_00.wav,2,45.35090625,46.615875
00109_00.wav,3,51.9758125,52.44878125
00118_00.wav,3,57.826875,58.14184375
00125_00.wav,3,62.7085,63.04546875
00091_00.wav,3,68.47828125,68.86125
00058_00.wav,2,73.3115,76.99146875
00061_00.wav,2,81.0514375,81.90940625
00041_00.wav,2,86.3578125,88.76778125
00056_00.wav,3,92.8498125,93.13878125
00061_00.wav,2,96.70425,97.56221875
00055_00.wav,2,102.530375,103.34934375
00110_00.wav,3,108.52715625,108.864125
00068_00.wav,3,112.75715625,113.247125
00052_00.wav,2,118.351625,119.24159375
00068_00.wav,3,124.1983125,124.68828125
00054_00.wav,2,129.886875,131.15184375
00024_00.wav,2,134.678875,136.75684375
00052_00.wav,2,140.40475,141.29471875
00025_00.wav,2,146.12878125,148.46075
00056_00.wav,2,152.85884375,153.5128125
00152_00.wav,3,158.09153125,158.5415
00106_00.wav,3,162.7048125,163.08678125
00103_00.wav,3,167.14440625,167.503375
00060_00.wav,3,172.46884375,172.9018125
00041_00.wav,2,177.70721875,180.1171875
00041_00.wav,3,5.201,5.54696875
00012_00.wav,2,10.30365625,11.443625
00033_00.wav,2,16.0403125,17.02328125
00095_00.wav,3,20.59290625,21.021875
00007_00.wav,2,26.416,27.57096875
00019_00.wav,2,31.251875,32.43184375
00002_00.wav,2,37.90540625,38.850375
00045_00.wav,3,43.64496875,43.9619375
00004_00.wav,2,48.98409375,49.9840625
00004_00.wav,2,54.47353125,55.4735
00024_00.wav,2,60.40103125,62.479
00136_00.wav,3,67.10509375,67.4870625
00057_00.wav,3,71.80815625,72.789125
00029_00.wav,3,77.35228125,77.71225
00014_00.wav,2,81.44240625,86.892375
00157_00.wav,3,92.14459375,92.5715625
00118_00.wav,3,97.884875,98.19984375
00088_00.wav,3,103.04884375,103.3888125
00051_00.wav,3,108.5725625,108.96153125
00003_00.wav,3,112.455125,113.20509375
00078_00.wav,3,118.8915,119.51146875
00040_00.wav,2,124.67209375,126.3470625
00016_00.wav,3,131.52021875,131.9701875
00049_00.wav,2,136.6348125,138.14178125
00109_00.wav,3,143.23390625,143.706875
00121_00.wav,3,149.21084375,149.5258125
00016_00.wav,3,154.73690625,155.186875
00144_00.wav,3,159.15603125,159.493
00029_00.wav,3,164.9419375,165.30190625
00019_00.wav,3,169.102125,169.70409375
00041_00.wav,3,173.86659375,174.2125625
00128_00.wav,3,179.309125,179.65009375
00026_00.wav,2,3.57725,4.76221875
00048_00.wav,2,9.20390625,10.796875
00048_00.wav,2,16.12346875,17.7164375
00050_00.wav,2,22.95371875,24.3476875
00152_00.wav,3,29.40784375,29.8578125
00020_00.wav,3,33.92278125,34.58275
00079_00.wav,3,38.63821875,39.1141875
00008_00.wav,2,44.0364375,45.00740625
00051_00.wav,3,49.37778125,49.76675
00031_00.wav,2,54.3099375,54.96390625
00031_00.wav,2,60.648125,61.30209375
00130_00.wav,3,65.7623125,66.12228125
00019_00.wav,2,71.66046875,72.8404375
00031_00.wav,2,76.287875,76.94184375
00088_00.wav,3,81.96359375,82.3035625
00004_00.wav,2,86.5404375,87.54040625
00053_00.wav,3,92.9675,93.4144375
00033_00.wav,3,98.7905625,99.33853125
00030_00.wav,2,103.64290625,104.459875
00027_00.wav,2,109.00546875,110.0654375
00053_00.wav,2,114.5090625,115.50303125
00074_00.wav,3,120.5500625,120.85303125
00043_00.wav,2,124.9411875,126.33615625
00011_00.wav,2,129.94875,130.70171875
00029_00.wav,3,134.7075,135.06746875
00074_00.wav,3,138.96803125,139.271
00135_00.wav,3,143.745,144.08196875
00018_00.wav,3,147.63178125,148.31375
00076_00.wav,3,152.6030625,152.87703125
00039_00.wav,2,157.2418125,159.00178125
00039_00.wav,2,163.1323125,164.89228125
00083_00.wav,3,169.05378125,169.47875
00006_00.wav,2,173.96534375,174.7753125
00034_00.wav,2,179.14559375,181.0655625
00043_00.wav,2,4.130375,5.52534375
00010_00.wav,2,10.18803125,12.135
00048_00.wav,2,16.571875,18.16484375
00010_00.wav,2,23.61134375,25.5583125
00031_00.wav,2,30.4178125,31.07178125
00024_00.wav,2,35.12365625,37.201625
